genes,Asthma,cardiovascular,coronaryheart,DiabetesMellitus,LymphoidLeukemia,ReumatoidArthritis
AAGAB,1.0,0.0,0.0,0.0,0.0,0.0
AAR2,0.0,1.0,0.0,0.0,0.0,0.0
ABCA1,0.0,1.0,1.0,0.0,0.0,0.0
ABCA3,0.0,1.0,0.0,0.0,0.0,0.0
ABCA6,0.0,1.0,0.0,0.0,0.0,0.0
ABCB10,0.0,0.0,0.0,1.0,0.0,0.0
ABCB5,1.0,0.0,0.0,1.0,0.0,0.0
ABCC2,0.0,1.0,0.0,0.0,0.0,0.0
ABCC5,0.0,0.0,0.0,1.0,0.0,0.0
ABCC6,0.0,1.0,0.0,0.0,0.0,0.0
ABCC8,0.0,1.0,0.0,1.0,0.0,0.0
ABCC9,0.0,1.0,0.0,0.0,0.0,0.0
ABCD1,0.0,1.0,0.0,0.0,0.0,0.0
ABCG5,0.0,1.0,1.0,0.0,0.0,0.0
ABCG8,0.0,1.0,1.0,0.0,0.0,0.0
ABHD17C,0.0,1.0,0.0,0.0,0.0,0.0
ABHD2,0.0,1.0,1.0,0.0,0.0,0.0
ABL1,0.0,1.0,0.0,0.0,0.0,0.0
ABL2,0.0,0.0,0.0,1.0,0.0,0.0
ABO,0.0,1.0,1.0,1.0,0.0,0.0
ACAD10,0.0,1.0,0.0,0.0,0.0,0.0
ACADVL,0.0,1.0,0.0,0.0,0.0,0.0
ACAP1,0.0,0.0,0.0,1.0,0.0,0.0
ACE,0.0,1.0,0.0,1.0,0.0,0.0
ACO2,0.0,1.0,0.0,0.0,0.0,0.0
ACOXL,0.0,0.0,0.0,1.0,1.0,1.0
ACSL1,0.0,0.0,0.0,1.0,0.0,0.0
ACTA1,0.0,1.0,0.0,0.0,0.0,0.0
ACTA2,0.0,1.0,0.0,0.0,1.0,1.0
ACTBL2,0.0,1.0,0.0,0.0,0.0,0.0
ACTC1,0.0,1.0,0.0,0.0,0.0,0.0
ACTL6A,0.0,1.0,0.0,0.0,0.0,0.0
ACTN1,0.0,0.0,0.0,1.0,0.0,0.0
ACTN2,0.0,1.0,0.0,0.0,0.0,0.0
ACTR2,0.0,1.0,1.0,0.0,0.0,0.0
ACTRT2,0.0,1.0,1.0,0.0,0.0,0.0
ACTRT3,0.0,1.0,0.0,0.0,1.0,0.0
ACVR2B,0.0,1.0,0.0,0.0,0.0,0.0
ACVRL1,0.0,1.0,0.0,0.0,0.0,0.0
ACYP1,0.0,1.0,1.0,0.0,0.0,0.0
ACYP2,0.0,1.0,0.0,0.0,0.0,0.0
ADA2,0.0,1.0,0.0,0.0,0.0,0.0
ADAD1,1.0,0.0,0.0,0.0,0.0,0.0
ADAM15,0.0,1.0,0.0,0.0,0.0,0.0
ADAM19,1.0,0.0,0.0,0.0,0.0,0.0
ADAM30,0.0,0.0,0.0,1.0,0.0,0.0
ADAMTS16,1.0,0.0,0.0,0.0,0.0,0.0
ADAMTS19,0.0,1.0,0.0,0.0,0.0,0.0
ADAMTS3,0.0,1.0,1.0,0.0,0.0,0.0
ADAMTS4,1.0,0.0,0.0,0.0,0.0,0.0
ADAMTS7,0.0,1.0,1.0,0.0,0.0,0.0
ADAMTS8,0.0,1.0,0.0,0.0,0.0,0.0
ADAMTS9,0.0,0.0,0.0,1.0,0.0,0.0
ADAMTSL1,0.0,0.0,0.0,1.0,0.0,0.0
ADAMTSL3,1.0,0.0,0.0,1.0,0.0,0.0
ADCY3,0.0,0.0,0.0,1.0,0.0,1.0
ADCY5,0.0,0.0,0.0,1.0,0.0,0.0
ADCY7,0.0,0.0,0.0,1.0,0.0,1.0
ADCY8,0.0,0.0,0.0,1.0,0.0,0.0
ADCY9,0.0,1.0,0.0,0.0,0.0,0.0
ADGRG1,0.0,1.0,0.0,0.0,0.0,0.0
ADGRG6,0.0,1.0,0.0,0.0,0.0,0.0
ADGRL2,0.0,0.0,0.0,1.0,0.0,1.0
ADH1B,0.0,1.0,0.0,0.0,0.0,0.0
ADIPOQ,0.0,0.0,0.0,1.0,0.0,0.0
ADM,0.0,1.0,0.0,0.0,0.0,0.0
ADO,1.0,1.0,0.0,1.0,0.0,1.0
ADORA1,1.0,0.0,0.0,0.0,0.0,0.0
ADPRHL1,0.0,1.0,0.0,0.0,0.0,0.0
ADRA1D,0.0,1.0,0.0,0.0,0.0,0.0
ADRB1,0.0,1.0,0.0,1.0,0.0,0.0
AFF3,0.0,0.0,0.0,1.0,0.0,1.0
AFG2A,0.0,0.0,0.0,1.0,0.0,0.0
AGAP5,0.0,1.0,0.0,0.0,0.0,0.0
AGBL1,0.0,1.0,0.0,0.0,0.0,0.0
AGGF1,0.0,1.0,0.0,0.0,0.0,0.0
AGK,0.0,1.0,0.0,0.0,0.0,0.0
AGL,0.0,1.0,0.0,0.0,0.0,0.0
AGMO,0.0,0.0,0.0,1.0,0.0,0.0
AGO2,0.0,0.0,0.0,1.0,0.0,0.0
AGT,0.0,1.0,1.0,0.0,0.0,0.0
AGTR1,0.0,1.0,0.0,0.0,0.0,0.0
AHDC1,0.0,1.0,0.0,0.0,0.0,0.0
AHI1,1.0,0.0,0.0,0.0,0.0,0.0
AHNAK,0.0,1.0,0.0,0.0,0.0,0.0
AHNAK2,0.0,0.0,0.0,0.0,0.0,1.0
AHR,0.0,0.0,0.0,0.0,0.0,1.0
AIDA,0.0,1.0,1.0,0.0,0.0,0.0
AIFM2,0.0,0.0,0.0,0.0,0.0,1.0
AIRE,0.0,1.0,0.0,1.0,0.0,1.0
AKAP11,0.0,0.0,0.0,1.0,0.0,0.0
AKAP6,0.0,1.0,0.0,1.0,0.0,0.0
AKAP9,0.0,1.0,0.0,0.0,0.0,0.0
AKR1B10,0.0,1.0,0.0,0.0,0.0,0.0
AKR1C2,0.0,1.0,0.0,0.0,0.0,0.0
AKT1,0.0,1.0,0.0,0.0,0.0,0.0
AKT2,0.0,0.0,0.0,1.0,0.0,0.0
AKT3,0.0,1.0,0.0,0.0,0.0,0.0
ALDH1A2,0.0,1.0,1.0,1.0,0.0,0.0
ALDH2,0.0,1.0,1.0,0.0,0.0,0.0
ALG10,0.0,1.0,0.0,0.0,0.0,0.0
ALG10B,0.0,0.0,0.0,1.0,0.0,0.0
ALG2,0.0,1.0,0.0,0.0,0.0,0.0
ALKAL1,0.0,1.0,0.0,0.0,0.0,0.0
ALOX15,1.0,0.0,0.0,0.0,0.0,0.0
ALPK3,0.0,1.0,0.0,0.0,0.0,0.0
ALPL,0.0,1.0,0.0,0.0,0.0,0.0
AMPD3,0.0,1.0,0.0,0.0,0.0,0.0
AMZ1,0.0,0.0,0.0,1.0,0.0,0.0
AMZ2,0.0,0.0,0.0,1.0,0.0,0.0
ANAPC1,1.0,0.0,0.0,0.0,0.0,0.0
ANG,0.0,0.0,0.0,1.0,0.0,0.0
ANGEL1,0.0,0.0,0.0,1.0,0.0,0.0
ANGPT2,0.0,1.0,0.0,0.0,0.0,0.0
ANGPTL4,0.0,1.0,1.0,0.0,0.0,0.0
ANGPTL6,0.0,1.0,0.0,0.0,0.0,0.0
ANGPTL8,0.0,0.0,0.0,1.0,0.0,0.0
ANHX,0.0,1.0,0.0,0.0,0.0,0.0
ANK1,0.0,0.0,0.0,1.0,0.0,0.0
ANK2,0.0,1.0,0.0,0.0,0.0,0.0
ANK3,0.0,0.0,0.0,1.0,0.0,0.0
ANKDD1B,0.0,1.0,0.0,1.0,0.0,0.0
ANKH,0.0,0.0,0.0,1.0,0.0,0.0
ANKRD1,0.0,1.0,0.0,0.0,0.0,0.0
ANKRD13B,0.0,1.0,1.0,0.0,0.0,0.0
ANKRD28,0.0,0.0,0.0,1.0,0.0,0.0
ANKRD30A,0.0,0.0,0.0,1.0,0.0,1.0
ANKRD44,0.0,1.0,0.0,0.0,0.0,0.0
ANKRD50,0.0,0.0,0.0,1.0,0.0,0.0
ANKRD55,0.0,1.0,0.0,1.0,0.0,1.0
ANKRD6,0.0,1.0,1.0,0.0,0.0,0.0
ANKS1A,0.0,1.0,0.0,0.0,0.0,0.0
ANKUB1,0.0,1.0,0.0,0.0,0.0,0.0
ANO1,0.0,1.0,0.0,0.0,0.0,0.0
ANO5,0.0,1.0,0.0,0.0,0.0,0.0
ANO6,0.0,0.0,0.0,0.0,0.0,1.0
ANO7,0.0,1.0,0.0,0.0,0.0,0.0
ANTXR1,0.0,1.0,0.0,0.0,0.0,0.0
ANTXR2,0.0,0.0,0.0,0.0,0.0,1.0
ANXA3,0.0,0.0,0.0,0.0,0.0,1.0
ANXA4,0.0,1.0,0.0,0.0,0.0,0.0
AOAH,0.0,0.0,0.0,1.0,0.0,0.0
AOC1,0.0,0.0,0.0,1.0,0.0,0.0
AOPEP,0.0,1.0,0.0,1.0,0.0,0.0
AP1S3,1.0,0.0,0.0,0.0,0.0,0.0
AP3S2,0.0,0.0,0.0,1.0,0.0,0.0
AP4B1,0.0,1.0,0.0,0.0,0.0,0.0
APCDD1,0.0,1.0,0.0,0.0,0.0,0.0
APIP,0.0,0.0,0.0,1.0,0.0,0.0
APOA5,0.0,1.0,1.0,0.0,0.0,0.0
APOB,0.0,1.0,1.0,0.0,0.0,0.0
APOBR,0.0,0.0,0.0,1.0,0.0,0.0
APOC1,0.0,1.0,1.0,1.0,0.0,0.0
APOC3,0.0,1.0,1.0,0.0,0.0,0.0
APOE,1.0,1.0,1.0,1.0,0.0,0.0
APOL1,0.0,0.0,0.0,1.0,0.0,0.0
APOL2,0.0,0.0,0.0,1.0,0.0,0.0
APOLD1,0.0,1.0,0.0,0.0,0.0,0.0
APP,0.0,1.0,0.0,1.0,0.0,0.0
APPL1,0.0,0.0,0.0,1.0,0.0,0.0
AQP10,0.0,0.0,0.0,1.0,0.0,0.0
AQP2,1.0,0.0,0.0,0.0,0.0,0.0
AQP4,0.0,1.0,0.0,0.0,0.0,0.0
AR,0.0,1.0,0.0,0.0,0.0,0.0
ARAP1,0.0,0.0,0.0,1.0,0.0,1.0
ARB2A,0.0,1.0,0.0,0.0,0.0,0.0
ARF3,0.0,1.0,0.0,0.0,0.0,0.0
ARF5,0.0,0.0,0.0,1.0,0.0,0.0
ARG1,0.0,0.0,0.0,1.0,0.0,0.0
ARHGAP10,0.0,1.0,0.0,0.0,0.0,0.0
ARHGAP12,0.0,0.0,0.0,1.0,0.0,0.0
ARHGAP15,1.0,1.0,1.0,0.0,0.0,0.0
ARHGAP19,0.0,0.0,0.0,1.0,0.0,0.0
ARHGAP19-SLIT1,0.0,0.0,0.0,1.0,0.0,0.0
ARHGAP22,0.0,1.0,0.0,0.0,0.0,0.0
ARHGAP24,0.0,1.0,0.0,1.0,0.0,0.0
ARHGAP25,0.0,1.0,0.0,0.0,0.0,0.0
ARHGAP26,0.0,1.0,1.0,0.0,0.0,0.0
ARHGAP27,1.0,0.0,0.0,0.0,0.0,0.0
ARHGAP29,0.0,1.0,0.0,0.0,0.0,0.0
ARHGAP42,0.0,1.0,1.0,0.0,0.0,0.0
ARHGEF12,0.0,1.0,1.0,0.0,0.0,0.0
ARHGEF18,0.0,1.0,0.0,0.0,0.0,0.0
ARHGEF26,0.0,1.0,1.0,0.0,0.0,0.0
ARHGEF28,0.0,1.0,0.0,0.0,0.0,0.0
ARHGEF4,0.0,1.0,0.0,0.0,0.0,0.0
ARID1A,0.0,1.0,0.0,0.0,0.0,0.0
ARID1B,0.0,1.0,0.0,0.0,0.0,0.0
ARID4A,0.0,1.0,1.0,1.0,0.0,0.0
ARID5B,0.0,1.0,0.0,1.0,1.0,1.0
ARIH1,0.0,1.0,0.0,0.0,0.0,0.0
ARL14,0.0,1.0,0.0,0.0,0.0,0.0
ARL14EP,0.0,1.0,0.0,0.0,0.0,0.0
ARL15,0.0,1.0,0.0,1.0,0.0,0.0
ARL4C,0.0,1.0,1.0,0.0,0.0,0.0
ARMH4,0.0,1.0,0.0,0.0,0.0,0.0
ARMS2,0.0,1.0,0.0,0.0,0.0,0.0
ARNT2,0.0,1.0,0.0,0.0,0.0,0.0
ARPIN-AP3S2,0.0,0.0,0.0,1.0,0.0,0.0
ARPP21,0.0,0.0,0.0,1.0,0.0,0.0
ARRDC1,1.0,0.0,0.0,0.0,0.0,0.0
ARVCF,0.0,0.0,0.0,1.0,0.0,0.0
ASAH1,0.0,1.0,0.0,1.0,0.0,0.0
ASAP2,0.0,0.0,0.0,0.0,0.0,1.0
ASB3,0.0,1.0,0.0,0.0,0.0,0.0
ASCC2,0.0,0.0,0.0,1.0,0.0,0.0
ASCL2,0.0,0.0,0.0,1.0,0.0,0.0
ASTN2,0.0,1.0,0.0,0.0,0.0,0.0
ASXL1,0.0,1.0,0.0,0.0,0.0,0.0
ASXL3,0.0,1.0,0.0,0.0,0.0,0.0
ATG16L1,0.0,0.0,0.0,1.0,0.0,1.0
ATG16L2,0.0,1.0,1.0,0.0,0.0,0.0
ATG5,1.0,0.0,0.0,0.0,0.0,1.0
ATG7,0.0,1.0,0.0,0.0,0.0,0.0
ATM,0.0,0.0,0.0,1.0,0.0,0.0
ATP13A2,0.0,1.0,0.0,0.0,0.0,0.0
ATP13A3,0.0,1.0,0.0,0.0,0.0,0.0
ATP1A2,0.0,1.0,0.0,0.0,0.0,0.0
ATP1B1,0.0,1.0,1.0,0.0,0.0,0.0
ATP2A2,0.0,1.0,0.0,0.0,0.0,0.0
ATP2A3,0.0,0.0,0.0,1.0,0.0,0.0
ATP2B1,0.0,1.0,1.0,0.0,0.0,0.0
ATP2B3,0.0,1.0,0.0,0.0,0.0,0.0
ATP2B4,0.0,0.0,0.0,1.0,0.0,0.0
ATP5F1E,0.0,0.0,0.0,1.0,0.0,0.0
ATP6V1G2,0.0,0.0,0.0,0.0,0.0,1.0
ATP8B2,0.0,0.0,0.0,1.0,0.0,0.0
ATR,0.0,1.0,0.0,0.0,0.0,0.0
ATRIP,0.0,1.0,0.0,0.0,0.0,0.0
ATRNL1,0.0,1.0,0.0,0.0,0.0,0.0
ATXN1,0.0,1.0,0.0,0.0,0.0,0.0
ATXN2,0.0,1.0,0.0,1.0,0.0,1.0
ATXN7,0.0,0.0,0.0,1.0,0.0,0.0
AUTS2,0.0,0.0,0.0,1.0,0.0,0.0
AZIN1,0.0,0.0,0.0,1.0,0.0,0.0
B3GAT3,0.0,1.0,0.0,0.0,0.0,0.0
B3GLCT,0.0,1.0,0.0,0.0,0.0,0.0
B3GNT2,0.0,0.0,0.0,1.0,0.0,1.0
B3GNTL1,1.0,0.0,0.0,0.0,0.0,0.0
B4GALT7,0.0,1.0,0.0,0.0,0.0,0.0
BACH1,0.0,1.0,1.0,0.0,0.0,0.0
BACH2,1.0,0.0,0.0,1.0,0.0,1.0
BAG3,0.0,1.0,0.0,0.0,0.0,0.0
BAG5,0.0,1.0,0.0,0.0,0.0,0.0
BAHCC1,0.0,1.0,0.0,0.0,0.0,0.0
BAK1,1.0,0.0,0.0,1.0,1.0,1.0
BANK1,0.0,1.0,0.0,0.0,1.0,1.0
BANP,0.0,0.0,0.0,1.0,0.0,0.0
BATF3,1.0,0.0,0.0,1.0,0.0,0.0
BAZ1B,0.0,1.0,0.0,0.0,0.0,0.0
BBIP1,0.0,0.0,0.0,1.0,0.0,0.0
BCAP29,0.0,1.0,1.0,0.0,0.0,0.0
BCAS3,0.0,1.0,1.0,0.0,0.0,0.0
BCDIN3D,0.0,0.0,0.0,1.0,0.0,0.0
BCL11A,1.0,0.0,0.0,1.0,1.0,0.0
BCL2,0.0,0.0,0.0,1.0,1.0,0.0
BCL2L11,1.0,1.0,0.0,1.0,1.0,0.0
BCL2L15,0.0,1.0,0.0,1.0,0.0,1.0
BCL3,1.0,1.0,1.0,1.0,0.0,0.0
BCL6,1.0,0.0,0.0,1.0,0.0,0.0
BDKRB2,0.0,1.0,0.0,0.0,0.0,0.0
BDNF,0.0,0.0,0.0,1.0,0.0,0.0
BEND3,0.0,0.0,0.0,1.0,0.0,0.0
BEND7,0.0,0.0,0.0,1.0,0.0,0.0
BEST3,0.0,1.0,0.0,0.0,0.0,0.0
BET1L,0.0,1.0,1.0,0.0,0.0,0.0
BGN,0.0,1.0,0.0,0.0,0.0,0.0
BHLHE40,0.0,0.0,0.0,1.0,0.0,0.0
BHLHE41,0.0,0.0,0.0,1.0,0.0,0.0
BICC1,0.0,1.0,0.0,0.0,0.0,0.0
BLK,0.0,1.0,0.0,1.0,0.0,1.0
BLM,0.0,0.0,0.0,0.0,1.0,0.0
BLTP1,1.0,0.0,0.0,0.0,0.0,0.0
BMAL1,0.0,1.0,1.0,1.0,0.0,0.0
BMF,0.0,0.0,0.0,1.0,1.0,0.0
BMP1,0.0,1.0,1.0,0.0,0.0,0.0
BMP2,0.0,1.0,0.0,0.0,0.0,0.0
BMP7,0.0,1.0,0.0,0.0,0.0,0.0
BMP8A,0.0,0.0,0.0,1.0,0.0,0.0
BMP8B,0.0,1.0,0.0,1.0,0.0,0.0
BMPR1B,0.0,1.0,1.0,0.0,0.0,0.0
BMPR2,0.0,1.0,0.0,1.0,0.0,0.0
BNC2,0.0,1.0,1.0,0.0,0.0,0.0
BOC,0.0,1.0,0.0,0.0,0.0,0.0
BORCS7,0.0,1.0,0.0,0.0,0.0,0.0
BORCS7-ASMT,0.0,1.0,0.0,0.0,0.0,0.0
BPTF,0.0,0.0,0.0,1.0,0.0,0.0
BRAF,0.0,1.0,0.0,1.0,0.0,0.0
BRCA2,1.0,1.0,0.0,0.0,0.0,0.0
BRD10,1.0,0.0,0.0,0.0,0.0,0.0
BRD3,0.0,0.0,0.0,1.0,0.0,0.0
BRD3OS,0.0,0.0,0.0,1.0,0.0,0.0
BRF1,0.0,1.0,0.0,0.0,0.0,0.0
BRWD1,0.0,1.0,0.0,0.0,0.0,0.0
BSCL2,0.0,0.0,0.0,1.0,0.0,0.0
BSND,0.0,1.0,1.0,0.0,0.0,0.0
BTC,0.0,1.0,0.0,0.0,0.0,0.0
BTD,0.0,1.0,1.0,0.0,0.0,0.0
BTN3A1,0.0,0.0,0.0,1.0,0.0,0.0
BTN3A3,0.0,0.0,0.0,1.0,0.0,0.0
BTNL2,0.0,0.0,0.0,1.0,0.0,1.0
BTRC,0.0,0.0,0.0,1.0,0.0,0.0
BUD13,0.0,1.0,1.0,0.0,0.0,0.0
C10orf67,0.0,0.0,0.0,1.0,0.0,0.0
C11orf21,0.0,0.0,0.0,0.0,1.0,0.0
C11orf58,0.0,1.0,1.0,0.0,0.0,0.0
C12orf42,0.0,0.0,0.0,1.0,0.0,0.0
C12orf43,0.0,0.0,0.0,1.0,0.0,0.0
C12orf50,0.0,0.0,0.0,1.0,0.0,0.0
C16orf95,0.0,1.0,0.0,0.0,0.0,0.0
C17orf67,0.0,0.0,0.0,0.0,0.0,1.0
C1GALT1,0.0,1.0,0.0,1.0,0.0,0.0
C1QTNF6,0.0,0.0,0.0,1.0,0.0,0.0
C1S,0.0,0.0,1.0,0.0,0.0,0.0
C1orf141,0.0,0.0,0.0,1.0,0.0,1.0
C1orf146,0.0,0.0,0.0,1.0,0.0,0.0
C1orf198,0.0,1.0,0.0,0.0,0.0,0.0
C1orf21,0.0,1.0,0.0,0.0,0.0,0.0
C2,0.0,1.0,1.0,0.0,0.0,0.0
C21orf140,0.0,1.0,0.0,0.0,0.0,0.0
C22orf31,0.0,1.0,0.0,0.0,0.0,0.0
C2CD4A,0.0,0.0,0.0,1.0,0.0,0.0
C2CD4B,0.0,0.0,0.0,1.0,0.0,0.0
C2orf69,0.0,1.0,0.0,0.0,0.0,0.0
C3orf70,0.0,0.0,0.0,1.0,0.0,0.0
C4BPA,0.0,1.0,0.0,0.0,0.0,0.0
C6orf15,0.0,1.0,0.0,0.0,0.0,0.0
C7orf33,0.0,0.0,0.0,0.0,0.0,1.0
C7orf50,0.0,1.0,0.0,0.0,0.0,0.0
C8orf34,0.0,1.0,1.0,0.0,0.0,0.0
CABCOCO1,0.0,1.0,0.0,1.0,0.0,0.0
CACNA1A,0.0,1.0,0.0,0.0,0.0,0.0
CACNA1C,0.0,1.0,0.0,0.0,0.0,0.0
CACNA1D,0.0,1.0,0.0,0.0,0.0,0.0
CACNA1H,0.0,1.0,0.0,1.0,0.0,0.0
CACNA2D1,0.0,1.0,0.0,0.0,0.0,0.0
CACNA2D3,0.0,0.0,0.0,1.0,0.0,0.0
CACNB2,0.0,1.0,0.0,0.0,0.0,0.0
CACNB4,0.0,1.0,0.0,0.0,0.0,0.0
CAD,0.0,1.0,0.0,0.0,0.0,0.0
CADM3,1.0,0.0,0.0,0.0,0.0,0.0
CALCA,0.0,1.0,0.0,0.0,0.0,0.0
CALCB,0.0,1.0,0.0,0.0,0.0,0.0
CALCR,0.0,0.0,0.0,1.0,0.0,0.0
CALCRL,0.0,1.0,1.0,0.0,0.0,0.0
CALM1,0.0,1.0,0.0,0.0,0.0,0.0
CALM2,0.0,1.0,0.0,0.0,0.0,0.0
CALM3,0.0,1.0,0.0,0.0,0.0,0.0
CALR,0.0,0.0,0.0,1.0,0.0,0.0
CALR3,0.0,1.0,0.0,0.0,0.0,0.0
CAMK1D,0.0,0.0,0.0,1.0,0.0,0.0
CAMK2B,0.0,0.0,0.0,1.0,0.0,0.0
CAMK2D,0.0,1.0,0.0,0.0,1.0,0.0
CAMK2G,0.0,0.0,0.0,1.0,0.0,0.0
CAMK2N1,0.0,0.0,0.0,1.0,0.0,0.0
CAMK4,0.0,0.0,0.0,1.0,0.0,0.0
CAMKMT,0.0,0.0,0.0,1.0,0.0,0.0
CAMSAP2,0.0,0.0,0.0,1.0,0.0,0.0
CAND2,0.0,1.0,0.0,0.0,0.0,0.0
CAP2,0.0,1.0,0.0,0.0,0.0,0.0
CAPN3,0.0,1.0,0.0,0.0,0.0,0.0
CAPSL,1.0,0.0,0.0,1.0,0.0,0.0
CARD11,1.0,0.0,0.0,0.0,0.0,0.0
CARD9,0.0,0.0,0.0,0.0,0.0,1.0
CARF,0.0,1.0,1.0,0.0,0.0,0.0
CARMIL1,0.0,0.0,0.0,1.0,0.0,1.0
CARS2,0.0,1.0,1.0,0.0,0.0,0.0
CASP10,0.0,0.0,0.0,0.0,1.0,0.0
CASP3,0.0,1.0,0.0,0.0,0.0,0.0
CASP8,0.0,0.0,0.0,0.0,1.0,1.0
CASQ2,0.0,1.0,0.0,0.0,0.0,0.0
CASR,1.0,1.0,0.0,1.0,0.0,0.0
CAST,0.0,0.0,0.0,1.0,0.0,0.0
CASZ1,0.0,1.0,0.0,0.0,0.0,0.0
CATSPERB,0.0,1.0,0.0,0.0,0.0,0.0
CAV1,0.0,1.0,0.0,0.0,0.0,0.0
CAV2,0.0,1.0,0.0,0.0,0.0,0.0
CAV3,0.0,1.0,0.0,0.0,0.0,0.0
CAVIN1,0.0,1.0,0.0,1.0,0.0,0.0
CBL,0.0,1.0,0.0,0.0,0.0,0.0
CBLB,0.0,0.0,0.0,1.0,0.0,0.0
CBLN2,0.0,1.0,0.0,0.0,0.0,0.0
CBS,0.0,1.0,0.0,0.0,0.0,0.0
CBX2,0.0,1.0,0.0,0.0,0.0,0.0
CCAR2,0.0,1.0,0.0,1.0,0.0,0.0
CCBE1,0.0,1.0,0.0,0.0,0.0,0.0
CCDC103,0.0,1.0,0.0,0.0,0.0,0.0
CCDC122,1.0,0.0,0.0,0.0,0.0,1.0
CCDC136,0.0,1.0,0.0,0.0,0.0,0.0
CCDC146,0.0,1.0,0.0,0.0,0.0,0.0
CCDC170,0.0,1.0,0.0,0.0,0.0,0.0
CCDC181,0.0,1.0,0.0,0.0,0.0,0.0
CCDC30,0.0,1.0,0.0,0.0,0.0,0.0
CCDC34,0.0,0.0,0.0,1.0,0.0,0.0
CCDC54,1.0,0.0,0.0,0.0,0.0,0.0
CCDC71L,0.0,1.0,1.0,0.0,0.0,0.0
CCDC88B,0.0,0.0,0.0,1.0,0.0,0.0
CCDC88C,0.0,1.0,0.0,0.0,0.0,0.0
CCDC92,0.0,1.0,1.0,1.0,0.0,0.0
CCDC97,0.0,1.0,0.0,0.0,0.0,0.0
CCDC9B,0.0,0.0,0.0,1.0,0.0,0.0
CCL2,0.0,0.0,0.0,0.0,0.0,1.0
CCL20,1.0,0.0,0.0,0.0,0.0,1.0
CCL21,0.0,0.0,0.0,0.0,0.0,1.0
CCL22,1.0,0.0,0.0,0.0,0.0,0.0
CCM2,0.0,1.0,0.0,0.0,0.0,0.0
CCN4,0.0,0.0,0.0,1.0,0.0,0.0
CCND1,0.0,1.0,0.0,1.0,0.0,0.0
CCND2,0.0,1.0,0.0,1.0,0.0,0.0
CCNH,0.0,1.0,0.0,1.0,0.0,0.0
CCNJL,0.0,0.0,0.0,1.0,0.0,0.0
CCNL1,0.0,1.0,1.0,0.0,0.0,0.0
CCR3,0.0,1.0,0.0,0.0,0.0,0.0
CCR4,1.0,0.0,0.0,0.0,0.0,0.0
CCR6,0.0,0.0,0.0,0.0,0.0,1.0
CCR7,1.0,0.0,0.0,0.0,0.0,0.0
CCRL2,0.0,0.0,0.0,0.0,0.0,1.0
CCSER1,0.0,0.0,0.0,1.0,0.0,0.0
CCT6A,0.0,1.0,1.0,0.0,0.0,0.0
CCT7,0.0,1.0,0.0,0.0,0.0,0.0
CD101,0.0,0.0,0.0,1.0,0.0,0.0
CD109,0.0,1.0,1.0,0.0,0.0,0.0
CD2,0.0,0.0,0.0,0.0,0.0,1.0
CD200R1,1.0,0.0,0.0,0.0,0.0,0.0
CD226,0.0,0.0,0.0,1.0,0.0,1.0
CD247,1.0,0.0,0.0,0.0,0.0,0.0
CD28,1.0,0.0,0.0,0.0,0.0,1.0
CD36,0.0,1.0,1.0,0.0,0.0,0.0
CD40,0.0,1.0,0.0,0.0,0.0,1.0
CD44,0.0,1.0,0.0,1.0,0.0,0.0
CD6,0.0,0.0,0.0,0.0,0.0,1.0
CD69,0.0,0.0,0.0,1.0,0.0,0.0
CD70,1.0,0.0,0.0,0.0,0.0,0.0
CD80,1.0,0.0,0.0,0.0,0.0,0.0
CD83,0.0,0.0,0.0,0.0,0.0,1.0
CD93,0.0,1.0,0.0,0.0,0.0,0.0
CDC123,0.0,1.0,1.0,1.0,0.0,0.0
CDC14C,0.0,0.0,0.0,1.0,0.0,0.0
CDC16,0.0,1.0,0.0,0.0,0.0,0.0
CDC25A,0.0,1.0,0.0,0.0,0.0,0.0
CDC27,0.0,1.0,0.0,0.0,0.0,0.0
CDC42,0.0,1.0,0.0,0.0,0.0,0.0
CDC42EP3,0.0,0.0,0.0,0.0,0.0,1.0
CDCA7L,0.0,1.0,0.0,0.0,0.0,0.0
CDH13,0.0,1.0,1.0,0.0,0.0,0.0
CDH17,1.0,1.0,0.0,0.0,0.0,0.0
CDH2,0.0,1.0,0.0,0.0,0.0,0.0
CDH7,0.0,0.0,0.0,1.0,0.0,0.0
CDHR3,1.0,0.0,0.0,0.0,0.0,0.0
CDK13,0.0,1.0,0.0,0.0,0.0,0.0
CDK2AP1,0.0,0.0,0.0,1.0,0.0,0.0
CDK5RAP2,0.0,0.0,0.0,0.0,0.0,1.0
CDK6,0.0,1.0,0.0,0.0,0.0,1.0
CDK8,0.0,1.0,0.0,0.0,0.0,0.0
CDKAL1,0.0,1.0,0.0,1.0,0.0,1.0
CDKL2,0.0,0.0,0.0,1.0,0.0,0.0
CDKN1A,0.0,1.0,0.0,0.0,0.0,0.0
CDKN1B,0.0,0.0,0.0,1.0,0.0,0.0
CDKN1C,0.0,1.0,0.0,1.0,0.0,0.0
CDKN2A,0.0,1.0,1.0,1.0,1.0,0.0
CDKN2B,0.0,1.0,1.0,1.0,1.0,0.0
CEBPB,0.0,0.0,0.0,1.0,0.0,0.0
CEBPE,0.0,0.0,0.0,0.0,1.0,0.0
CEL,0.0,0.0,0.0,1.0,0.0,0.0
CELA2A,0.0,1.0,1.0,0.0,0.0,0.0
CELA3B,0.0,1.0,0.0,1.0,0.0,0.0
CELF2,0.0,0.0,0.0,1.0,0.0,1.0
CELSR1,0.0,1.0,0.0,0.0,0.0,0.0
CELSR2,0.0,1.0,1.0,1.0,0.0,0.0
CENPU,0.0,1.0,0.0,0.0,0.0,0.0
CENPW,0.0,1.0,1.0,1.0,0.0,0.0
CEP120,0.0,1.0,0.0,1.0,0.0,0.0
CEP68,0.0,1.0,0.0,1.0,0.0,0.0
CEP85L,0.0,1.0,0.0,0.0,0.0,0.0
CER1,0.0,1.0,0.0,0.0,0.0,0.0
CERKL,0.0,0.0,0.0,1.0,0.0,0.0
CERS1,0.0,1.0,0.0,0.0,0.0,0.0
CERS5,0.0,1.0,0.0,0.0,0.0,0.0
CERS6,0.0,0.0,0.0,1.0,0.0,0.0
CETP,0.0,1.0,1.0,1.0,0.0,0.0
CFAP161,0.0,1.0,1.0,0.0,0.0,0.0
CFAP20DC,0.0,0.0,0.0,0.0,0.0,1.0
CFAP44,0.0,0.0,0.0,1.0,0.0,0.0
CFAP45,0.0,1.0,0.0,0.0,0.0,0.0
CFAP52,0.0,1.0,0.0,0.0,0.0,0.0
CFAP53,0.0,1.0,0.0,0.0,0.0,0.0
CFAP68,0.0,1.0,0.0,0.0,0.0,0.0
CFAP69,0.0,0.0,0.0,1.0,0.0,0.0
CFB,0.0,1.0,1.0,0.0,0.0,1.0
CFDP1,0.0,1.0,1.0,0.0,0.0,0.0
CFH,0.0,1.0,0.0,0.0,0.0,0.0
CFL2,0.0,1.0,0.0,0.0,0.0,0.0
CFLAR,0.0,0.0,0.0,0.0,1.0,1.0
CFTR,0.0,1.0,0.0,0.0,0.0,0.0
CGNL1,0.0,1.0,0.0,0.0,0.0,0.0
CHD1L,0.0,0.0,0.0,1.0,0.0,0.0
CHD2,0.0,0.0,0.0,0.0,1.0,0.0
CHD4,0.0,1.0,0.0,0.0,0.0,0.0
CHD7,0.0,1.0,0.0,0.0,0.0,0.0
CHDH,0.0,1.0,0.0,0.0,0.0,0.0
CHM,0.0,1.0,0.0,0.0,0.0,0.0
CHMP1A,0.0,1.0,0.0,0.0,0.0,0.0
CHMP4B,0.0,0.0,0.0,1.0,0.0,0.0
CHRM2,0.0,1.0,0.0,0.0,0.0,0.0
CHRNA3,0.0,1.0,0.0,0.0,0.0,0.0
CHRNA4,0.0,1.0,1.0,0.0,0.0,0.0
CHRNA5,0.0,1.0,0.0,0.0,0.0,0.0
CHRNA9,0.0,0.0,0.0,1.0,0.0,0.0
CHRNB4,0.0,1.0,1.0,0.0,0.0,0.0
CHRNG,0.0,0.0,0.0,0.0,0.0,1.0
CHST14,0.0,1.0,0.0,0.0,0.0,0.0
CHST9,0.0,0.0,0.0,1.0,0.0,0.0
CIITA,0.0,0.0,0.0,0.0,0.0,1.0
CITED2,0.0,1.0,0.0,1.0,0.0,0.0
CKB,0.0,0.0,0.0,1.0,0.0,0.0
CLCA2,0.0,1.0,0.0,0.0,0.0,0.0
CLCN1,0.0,1.0,0.0,0.0,0.0,0.0
CLCN6,0.0,1.0,1.0,0.0,0.0,0.0
CLCNKA,0.0,1.0,0.0,0.0,0.0,0.0
CLEC14A,0.0,0.0,0.0,1.0,0.0,0.0
CLEC16A,1.0,0.0,0.0,1.0,0.0,0.0
CLEC2D,0.0,0.0,0.0,1.0,0.0,0.0
CLIC2,0.0,1.0,0.0,0.0,0.0,0.0
CLIC4,0.0,1.0,0.0,0.0,0.0,0.0
CLIC6,0.0,1.0,0.0,0.0,0.0,0.0
CLMP,0.0,1.0,1.0,1.0,0.0,0.0
CLN3,0.0,0.0,0.0,1.0,0.0,0.0
CLNK,0.0,0.0,0.0,1.0,0.0,1.0
CLOCK,0.0,1.0,0.0,0.0,0.0,0.0
CLTC,0.0,1.0,0.0,0.0,0.0,0.0
CLUAP1,0.0,1.0,0.0,0.0,0.0,0.0
CLXN,0.0,0.0,0.0,1.0,0.0,0.0
CMIP,0.0,1.0,0.0,1.0,0.0,0.0
CNNM2,0.0,1.0,1.0,0.0,0.0,0.0
CNOT3,0.0,1.0,0.0,0.0,0.0,0.0
CNOT7,1.0,0.0,0.0,0.0,0.0,0.0
CNTNAP2,0.0,1.0,0.0,1.0,0.0,0.0
COA5,0.0,1.0,0.0,0.0,0.0,0.0
COA6,0.0,1.0,0.0,0.0,0.0,0.0
COBLL1,0.0,1.0,0.0,1.0,0.0,0.0
COG1,0.0,1.0,0.0,0.0,0.0,0.0
COG5,0.0,1.0,1.0,0.0,0.0,0.0
COG6,1.0,0.0,0.0,0.0,0.0,1.0
COL11A2,0.0,1.0,0.0,0.0,0.0,0.0
COL13A1,0.0,0.0,0.0,1.0,0.0,0.0
COL15A1,1.0,0.0,0.0,0.0,0.0,0.0
COL16A1,1.0,0.0,0.0,0.0,0.0,0.0
COL1A1,0.0,1.0,0.0,0.0,0.0,0.0
COL1A2,0.0,1.0,0.0,0.0,0.0,0.0
COL27A1,0.0,0.0,0.0,1.0,0.0,0.0
COL2A1,0.0,1.0,0.0,0.0,0.0,0.0
COL3A1,0.0,1.0,0.0,0.0,0.0,0.0
COL4A1,0.0,1.0,1.0,0.0,0.0,0.0
COL4A2,0.0,1.0,1.0,0.0,0.0,0.0
COL4A3,0.0,1.0,0.0,0.0,0.0,0.0
COL4A4,0.0,1.0,0.0,0.0,0.0,0.0
COL4A5,0.0,1.0,0.0,0.0,0.0,0.0
COL5A1,0.0,1.0,0.0,0.0,0.0,0.0
COL5A2,0.0,1.0,0.0,0.0,0.0,0.0
COL6A1,0.0,1.0,0.0,0.0,0.0,0.0
COL6A2,0.0,1.0,0.0,0.0,0.0,0.0
COL6A3,0.0,1.0,1.0,0.0,0.0,0.0
COLEC10,1.0,0.0,0.0,0.0,0.0,0.0
COLGALT1,0.0,1.0,0.0,0.0,0.0,0.0
COMT,0.0,1.0,0.0,0.0,0.0,0.0
COPRS,0.0,1.0,1.0,0.0,0.0,0.0
COQ9,0.0,1.0,0.0,0.0,0.0,0.0
CORIN,0.0,1.0,0.0,0.0,0.0,0.0
CORO6,0.0,1.0,1.0,0.0,0.0,0.0
COX15,0.0,1.0,0.0,0.0,0.0,0.0
COX16,0.0,1.0,0.0,0.0,0.0,0.0
CPEB2,0.0,1.0,0.0,1.0,0.0,0.0
CPEB3,0.0,0.0,0.0,1.0,0.0,0.0
CPEB4,0.0,1.0,0.0,0.0,0.0,1.0
CPNE4,0.0,0.0,0.0,1.0,0.0,0.0
CPNE8,0.0,1.0,0.0,0.0,0.0,0.0
CPS1,0.0,1.0,0.0,0.0,0.0,0.0
CREB1,0.0,1.0,0.0,0.0,0.0,0.0
CREB5,0.0,1.0,0.0,0.0,0.0,0.0
CREBBP,0.0,1.0,0.0,0.0,0.0,0.0
CRELD1,0.0,1.0,0.0,0.0,0.0,0.0
CREM,0.0,0.0,0.0,0.0,0.0,1.0
CRHR2,0.0,0.0,0.0,1.0,0.0,0.0
CRISPLD2,0.0,1.0,0.0,0.0,0.0,0.0
CRP,1.0,0.0,0.0,0.0,0.0,0.0
CRTC1,0.0,0.0,0.0,1.0,0.0,0.0
CRY2,0.0,0.0,0.0,1.0,0.0,0.0
CRYAA,0.0,1.0,0.0,0.0,0.0,0.0
CRYAB,0.0,1.0,0.0,0.0,0.0,0.0
CSGALNACT1,0.0,1.0,0.0,0.0,0.0,0.0
CSK,0.0,1.0,0.0,0.0,0.0,0.0
CSMD1,1.0,0.0,0.0,0.0,0.0,0.0
CSRP3,0.0,1.0,0.0,0.0,0.0,0.0
CST3,0.0,1.0,1.0,0.0,0.0,0.0
CTAGE1,0.0,1.0,1.0,0.0,0.0,0.0
CTBP1,0.0,0.0,0.0,1.0,0.0,0.0
CTBP2,0.0,1.0,0.0,0.0,0.0,0.0
CTIF,0.0,0.0,0.0,0.0,0.0,1.0
CTLA4,0.0,0.0,0.0,1.0,0.0,1.0
CTNNA1,0.0,1.0,0.0,0.0,0.0,0.0
CTNNA3,0.0,1.0,0.0,0.0,0.0,0.0
CTNNB1,0.0,1.0,0.0,0.0,0.0,0.0
CTRB1,0.0,0.0,0.0,1.0,0.0,0.0
CTRB2,0.0,0.0,0.0,1.0,0.0,0.0
CTSH,0.0,0.0,0.0,1.0,0.0,0.0
CTTNBP2,0.0,0.0,0.0,1.0,0.0,0.0
CUL1,0.0,0.0,0.0,1.0,0.0,0.0
CUL4A,0.0,1.0,0.0,0.0,0.0,0.0
CUL5,0.0,0.0,0.0,0.0,0.0,1.0
CUX2,0.0,1.0,1.0,1.0,0.0,0.0
CWF19L2,0.0,1.0,0.0,0.0,0.0,0.0
CWH43,0.0,0.0,0.0,1.0,0.0,0.0
CX3CR1,0.0,0.0,0.0,1.0,0.0,0.0
CXADR,0.0,1.0,0.0,0.0,0.0,0.0
CXCL12,0.0,1.0,1.0,0.0,0.0,0.0
CXCR2,0.0,0.0,0.0,0.0,0.0,1.0
CXCR5,1.0,0.0,0.0,0.0,0.0,0.0
CYB561,0.0,1.0,0.0,0.0,0.0,0.0
CYBRD1,1.0,0.0,0.0,0.0,0.0,0.0
CYLD,1.0,0.0,0.0,0.0,0.0,0.0
CYP11B2,0.0,1.0,0.0,0.0,0.0,0.0
CYP1A2,0.0,1.0,0.0,0.0,0.0,0.0
CYP26A1,0.0,1.0,0.0,0.0,0.0,0.0
CYP2A6,0.0,1.0,0.0,0.0,0.0,0.0
CYP2C9,0.0,1.0,0.0,0.0,0.0,0.0
CYP46A1,0.0,1.0,1.0,0.0,0.0,0.0
CYP4F2,0.0,1.0,0.0,0.0,0.0,0.0
CYP51A1,0.0,1.0,0.0,0.0,0.0,0.0
CYRIA,0.0,0.0,0.0,1.0,0.0,0.0
CYRIB,0.0,0.0,0.0,0.0,0.0,1.0
CYTH1,0.0,1.0,0.0,1.0,0.0,0.0
CYTIP,0.0,0.0,0.0,1.0,0.0,0.0
D2HGDH,1.0,0.0,0.0,0.0,0.0,0.0
DAB2IP,0.0,1.0,1.0,0.0,0.0,0.0
DACT1,0.0,1.0,0.0,0.0,0.0,0.0
DAP,0.0,0.0,0.0,0.0,0.0,1.0
DARS2,0.0,1.0,0.0,0.0,0.0,0.0
DAW1,1.0,0.0,0.0,0.0,0.0,0.0
DBH,0.0,1.0,0.0,0.0,0.0,0.0
DCAF12,0.0,0.0,0.0,1.0,0.0,0.0
DCAF7,0.0,0.0,0.0,1.0,0.0,0.0
DCAKD,0.0,1.0,0.0,0.0,0.0,0.0
DCBLD1,0.0,1.0,0.0,1.0,0.0,0.0
DCHS1,0.0,1.0,0.0,0.0,0.0,0.0
DCLK2,0.0,1.0,1.0,0.0,0.0,0.0
DCLRE1B,0.0,1.0,1.0,1.0,0.0,0.0
DCP2,0.0,1.0,0.0,0.0,0.0,0.0
DCUN1D4,0.0,0.0,0.0,1.0,0.0,0.0
DDC,0.0,0.0,0.0,1.0,1.0,0.0
DDI1,0.0,1.0,1.0,0.0,0.0,0.0
DDR1,0.0,0.0,0.0,0.0,0.0,1.0
DDX20,0.0,0.0,0.0,1.0,0.0,0.0
DDX6,1.0,0.0,0.0,0.0,0.0,1.0
DEF6,1.0,0.0,0.0,0.0,0.0,0.0
DEFB136,0.0,1.0,0.0,0.0,0.0,0.0
DEK,0.0,1.0,0.0,0.0,0.0,0.0
DENND1A,0.0,0.0,0.0,1.0,0.0,0.0
DENND1B,0.0,0.0,0.0,0.0,0.0,1.0
DENND2B,0.0,1.0,0.0,0.0,0.0,0.0
DENND4C,0.0,1.0,0.0,0.0,0.0,0.0
DEPTOR,0.0,1.0,1.0,0.0,0.0,0.0
DERL3,0.0,1.0,0.0,0.0,0.0,0.0
DES,0.0,1.0,0.0,0.0,0.0,0.0
DEUP1,0.0,0.0,0.0,1.0,0.0,0.0
DGAT1,0.0,0.0,0.0,1.0,0.0,0.0
DGKB,0.0,1.0,0.0,1.0,0.0,0.0
DGKD,0.0,0.0,0.0,1.0,0.0,0.0
DGKH,0.0,1.0,1.0,0.0,0.0,0.0
DGKZ,0.0,1.0,0.0,0.0,0.0,0.0
DGUOK,0.0,1.0,0.0,0.0,0.0,0.0
DHFR2,0.0,0.0,0.0,1.0,0.0,0.0
DHH,0.0,1.0,0.0,0.0,0.0,0.0
DHX36,0.0,1.0,1.0,0.0,0.0,0.0
DHX37,0.0,1.0,0.0,0.0,0.0,0.0
DHX38,0.0,1.0,1.0,0.0,0.0,0.0
DHX58,0.0,1.0,1.0,0.0,0.0,0.0
DIAPH1,0.0,1.0,0.0,0.0,0.0,0.0
DIPK1A,0.0,1.0,0.0,0.0,0.0,0.0
DIRAS2,0.0,0.0,0.0,1.0,0.0,0.0
DISP2,1.0,0.0,0.0,0.0,0.0,0.0
DKK1,0.0,1.0,0.0,0.0,0.0,0.0
DLD,0.0,0.0,0.0,0.0,0.0,1.0
DLEU7,0.0,1.0,0.0,1.0,0.0,0.0
DLG4,0.0,1.0,0.0,0.0,0.0,0.0
DLGAP1,0.0,1.0,0.0,0.0,0.0,0.0
DLK1,0.0,0.0,0.0,1.0,0.0,0.0
DM1-AS,0.0,1.0,0.0,0.0,0.0,0.0
DMD,0.0,1.0,0.0,0.0,0.0,0.0
DMGDH,0.0,0.0,0.0,1.0,0.0,0.0
DMPK,0.0,1.0,0.0,0.0,0.0,0.0
DMRT2,0.0,0.0,0.0,1.0,0.0,0.0
DMRTA1,0.0,0.0,0.0,1.0,1.0,0.0
DNAAF3,0.0,1.0,0.0,0.0,0.0,0.0
DNAH11,0.0,1.0,0.0,0.0,0.0,0.0
DNAH5,0.0,1.0,0.0,0.0,0.0,0.0
DNAH7,0.0,0.0,0.0,1.0,0.0,0.0
DNAH9,0.0,1.0,0.0,0.0,0.0,0.0
DNAJC1,0.0,1.0,0.0,0.0,0.0,0.0
DNAJC10,0.0,1.0,0.0,0.0,0.0,0.0
DNAJC19,0.0,1.0,0.0,0.0,0.0,0.0
DNAJC27,0.0,1.0,0.0,0.0,0.0,0.0
DNAJC30,0.0,1.0,0.0,0.0,0.0,0.0
DNASE1L1,0.0,1.0,0.0,0.0,0.0,0.0
DNLZ,0.0,0.0,0.0,1.0,0.0,0.0
DNMBP,0.0,1.0,0.0,0.0,0.0,0.0
DNMT3A,0.0,1.0,0.0,0.0,0.0,0.0
DNMT3B,0.0,0.0,0.0,0.0,0.0,1.0
DOCK3,1.0,1.0,0.0,0.0,0.0,0.0
DOCK4,1.0,0.0,0.0,0.0,0.0,0.0
DOCK5,0.0,1.0,1.0,0.0,0.0,0.0
DOK6,0.0,1.0,0.0,0.0,0.0,0.0
DOK7,0.0,1.0,1.0,0.0,0.0,0.0
DOLK,0.0,1.0,0.0,0.0,0.0,0.0
DOT1L,0.0,1.0,0.0,0.0,0.0,0.0
DPEP1,0.0,1.0,0.0,0.0,0.0,0.0
DPF3,0.0,1.0,0.0,0.0,0.0,0.0
DPH1,0.0,1.0,0.0,0.0,0.0,0.0
DPM3,0.0,1.0,0.0,0.0,0.0,0.0
DPP4,1.0,0.0,0.0,0.0,0.0,1.0
DPP6,0.0,1.0,0.0,0.0,0.0,1.0
DPY19L4,0.0,0.0,0.0,1.0,0.0,0.0
DPYSL2,0.0,1.0,0.0,0.0,0.0,0.0
DRAM1,0.0,1.0,0.0,0.0,0.0,0.0
DSC2,0.0,1.0,0.0,0.0,0.0,0.0
DSCAM,0.0,1.0,0.0,0.0,0.0,0.0
DSE,0.0,1.0,0.0,0.0,0.0,0.0
DSG2,0.0,1.0,0.0,0.0,0.0,0.0
DSP,0.0,1.0,0.0,0.0,0.0,0.0
DST,0.0,1.0,0.0,0.0,0.0,0.0
DTHD1,0.0,1.0,0.0,0.0,0.0,0.0
DTNA,0.0,1.0,0.0,0.0,0.0,0.0
DTNB,0.0,0.0,0.0,1.0,0.0,0.0
DUSP22,1.0,1.0,0.0,0.0,0.0,0.0
DUSP9,0.0,0.0,0.0,1.0,0.0,0.0
DYNC1I1,1.0,0.0,0.0,0.0,0.0,0.0
DYNC2H1,0.0,1.0,0.0,0.0,0.0,0.0
DYNC2LI1,0.0,1.0,0.0,0.0,0.0,0.0
DYSF,1.0,1.0,0.0,0.0,0.0,0.0
DZIP1,0.0,1.0,0.0,0.0,0.0,0.0
EAF2,1.0,0.0,0.0,0.0,0.0,0.0
EBF1,0.0,1.0,0.0,1.0,0.0,0.0
EBF2,0.0,1.0,0.0,1.0,0.0,0.0
EDNRA,0.0,1.0,1.0,0.0,0.0,0.0
EDNRB,0.0,0.0,0.0,1.0,0.0,0.0
EEFSEC,1.0,1.0,0.0,0.0,0.0,0.0
EFEMP1,0.0,1.0,0.0,0.0,0.0,0.0
EFEMP2,0.0,1.0,0.0,0.0,0.0,0.0
EFHC1,1.0,0.0,0.0,0.0,0.0,0.0
EFNA5,0.0,1.0,0.0,0.0,0.0,0.0
EFR3B,0.0,1.0,0.0,1.0,0.0,0.0
EGFR,0.0,1.0,0.0,0.0,0.0,0.0
EGR2,1.0,0.0,0.0,1.0,0.0,1.0
EHBP1,0.0,1.0,1.0,0.0,0.0,0.0
EHBP1L1,0.0,1.0,1.0,0.0,0.0,0.0
EHD4,0.0,1.0,0.0,0.0,0.0,0.0
EHMT1,1.0,0.0,0.0,0.0,0.0,0.0
EIF2AK4,0.0,1.0,0.0,0.0,0.0,0.0
EIF2S3,0.0,0.0,0.0,1.0,0.0,0.0
EIF5A2,0.0,0.0,0.0,1.0,0.0,0.0
ELAVL2,1.0,0.0,0.0,1.0,0.0,0.0
ELK3,0.0,0.0,0.0,0.0,1.0,0.0
ELL,0.0,1.0,1.0,0.0,0.0,0.0
ELL2,0.0,1.0,0.0,0.0,0.0,0.0
ELMO1,0.0,0.0,0.0,0.0,0.0,1.0
ELMO2,0.0,1.0,0.0,0.0,0.0,0.0
ELN,0.0,1.0,0.0,0.0,0.0,0.0
EMB,0.0,0.0,0.0,1.0,0.0,0.0
EMD,0.0,1.0,0.0,0.0,0.0,0.0
EML1,0.0,1.0,1.0,0.0,0.0,0.0
EML2,0.0,0.0,0.0,1.0,0.0,0.0
EML6,0.0,1.0,0.0,0.0,0.0,0.0
EMSY,1.0,1.0,0.0,1.0,0.0,0.0
ENG,0.0,1.0,0.0,0.0,0.0,0.0
ENKUR,0.0,0.0,0.0,1.0,0.0,0.0
ENPEP,0.0,1.0,0.0,0.0,0.0,0.0
ENPP1,0.0,1.0,0.0,1.0,0.0,0.0
ENPP3,0.0,0.0,0.0,1.0,0.0,0.0
ENPP6,0.0,0.0,0.0,0.0,1.0,0.0
ENSG00000244255,0.0,0.0,0.0,0.0,0.0,1.0
ENSG00000284779,0.0,1.0,0.0,0.0,0.0,0.0
ENSG00000289490,0.0,1.0,0.0,0.0,0.0,0.0
EOMES,0.0,0.0,0.0,0.0,1.0,1.0
EP300,0.0,1.0,0.0,0.0,0.0,0.0
EP400,0.0,0.0,0.0,1.0,0.0,0.0
EPB41L4B,0.0,0.0,0.0,1.0,0.0,0.0
EPC2,0.0,0.0,0.0,1.0,0.0,0.0
EPHA3,0.0,1.0,0.0,0.0,0.0,0.0
EPHB3,0.0,1.0,0.0,0.0,0.0,0.0
EPHB4,0.0,1.0,0.0,0.0,0.0,0.0
EPO,0.0,1.0,0.0,0.0,0.0,0.0
ERAP1,0.0,1.0,0.0,1.0,0.0,1.0
ERAP2,0.0,0.0,0.0,0.0,0.0,1.0
ERBB2,1.0,0.0,0.0,0.0,0.0,0.0
ERBB3,1.0,0.0,0.0,1.0,0.0,0.0
ERBB4,1.0,1.0,0.0,1.0,0.0,0.0
ERC2,0.0,1.0,0.0,0.0,0.0,0.0
ERCC6L2,0.0,1.0,0.0,0.0,0.0,0.0
ERG,0.0,1.0,0.0,0.0,1.0,0.0
ERLIN1,0.0,0.0,0.0,1.0,0.0,0.0
ERN1,0.0,0.0,0.0,1.0,0.0,0.0
ESM1,0.0,1.0,0.0,0.0,0.0,0.0
ESR1,0.0,1.0,0.0,0.0,0.0,0.0
ESR2,0.0,1.0,0.0,0.0,0.0,0.0
ETAA1,0.0,0.0,0.0,1.0,0.0,0.0
ETFA,0.0,1.0,0.0,0.0,0.0,0.0
ETFB,0.0,1.0,0.0,0.0,0.0,0.0
ETFDH,0.0,1.0,0.0,0.0,0.0,0.0
ETFRF1,0.0,1.0,0.0,0.0,0.0,0.0
ETS1,1.0,0.0,0.0,1.0,1.0,1.0
ETV1,0.0,1.0,1.0,1.0,0.0,0.0
ETV2,0.0,1.0,0.0,0.0,0.0,0.0
ETV5,0.0,0.0,0.0,1.0,0.0,0.0
ETV6,0.0,0.0,0.0,0.0,1.0,0.0
ETV7,0.0,0.0,0.0,0.0,0.0,1.0
EVC,0.0,1.0,0.0,0.0,0.0,0.0
EVC2,0.0,1.0,0.0,0.0,0.0,0.0
EVI2A,0.0,0.0,0.0,1.0,0.0,0.0
EVI5,1.0,0.0,0.0,0.0,0.0,0.0
EVX1,0.0,1.0,0.0,0.0,0.0,0.0
EXD1,0.0,1.0,0.0,0.0,0.0,0.0
EXOC2,0.0,1.0,0.0,0.0,0.0,0.0
EXOC6,0.0,0.0,0.0,1.0,0.0,0.0
EXOG,0.0,1.0,0.0,0.0,0.0,0.0
EYA1,0.0,1.0,0.0,1.0,0.0,0.0
EYA2,1.0,0.0,0.0,1.0,0.0,0.0
EYA4,0.0,1.0,0.0,0.0,0.0,0.0
EYS,0.0,1.0,0.0,0.0,0.0,0.0
F10,0.0,1.0,0.0,0.0,0.0,0.0
F11,0.0,1.0,0.0,0.0,0.0,0.0
F12,0.0,1.0,0.0,0.0,0.0,0.0
F2,0.0,1.0,0.0,0.0,0.0,0.0
F5,0.0,1.0,0.0,0.0,0.0,0.0
F7,0.0,1.0,0.0,0.0,0.0,0.0
FADS1,1.0,0.0,0.0,1.0,0.0,0.0
FADS2,1.0,1.0,0.0,1.0,0.0,1.0
FAF1,0.0,1.0,0.0,1.0,0.0,0.0
FAH,0.0,1.0,0.0,0.0,0.0,0.0
FAIM2,0.0,0.0,0.0,1.0,0.0,0.0
FAM118A,0.0,0.0,0.0,0.0,0.0,1.0
FAM120B,0.0,1.0,0.0,0.0,0.0,0.0
FAM133B,0.0,1.0,0.0,0.0,0.0,0.0
FAM135A,0.0,0.0,0.0,1.0,0.0,0.0
FAM13A,0.0,1.0,0.0,1.0,0.0,0.0
FAM13B,0.0,1.0,0.0,0.0,0.0,0.0
FAM167A,0.0,0.0,0.0,1.0,0.0,0.0
FAM177B,0.0,1.0,0.0,0.0,0.0,0.0
FAM185A,0.0,0.0,0.0,1.0,0.0,0.0
FAM200C,1.0,0.0,0.0,0.0,0.0,0.0
FAM227B,0.0,0.0,0.0,1.0,0.0,0.0
FAM234A,0.0,0.0,0.0,1.0,0.0,0.0
FAM241B,0.0,0.0,0.0,1.0,0.0,0.0
FAM76B,1.0,0.0,0.0,0.0,0.0,0.0
FANCL,0.0,0.0,0.0,1.0,0.0,0.0
FAP,0.0,1.0,1.0,1.0,0.0,1.0
FARP1,0.0,1.0,1.0,0.0,0.0,0.0
FARP2,0.0,0.0,0.0,1.0,1.0,0.0
FAS,0.0,1.0,0.0,0.0,1.0,1.0
FASLG,1.0,0.0,0.0,1.0,0.0,0.0
FAT4,0.0,1.0,0.0,0.0,0.0,0.0
FBF1,0.0,1.0,0.0,0.0,0.0,0.0
FBN1,0.0,1.0,1.0,0.0,0.0,0.0
FBN2,0.0,1.0,0.0,0.0,0.0,0.0
FBP1,0.0,0.0,0.0,1.0,0.0,0.0
FBRSL1,0.0,1.0,1.0,1.0,0.0,0.0
FBXL18,0.0,0.0,0.0,1.0,0.0,1.0
FBXL22,0.0,0.0,0.0,1.0,0.0,0.0
FBXL7,1.0,1.0,0.0,0.0,0.0,0.0
FBXO11,0.0,1.0,0.0,0.0,0.0,0.0
FBXO32,0.0,1.0,0.0,0.0,0.0,0.0
FBXW7,0.0,0.0,0.0,1.0,0.0,0.0
FBXW8,0.0,0.0,0.0,0.0,0.0,1.0
FCER1G,1.0,0.0,0.0,0.0,0.0,0.0
FCGR2A,0.0,1.0,0.0,0.0,0.0,1.0
FCHO1,0.0,1.0,0.0,0.0,0.0,0.0
FCN3,0.0,1.0,0.0,0.0,0.0,0.0
FCRL3,0.0,0.0,0.0,0.0,0.0,1.0
FDX1,0.0,1.0,1.0,0.0,0.0,0.0
FER,0.0,1.0,1.0,0.0,0.0,0.0
FERMT1,0.0,1.0,0.0,0.0,0.0,0.0
FES,0.0,1.0,1.0,0.0,0.0,0.0
FEZ2,0.0,1.0,0.0,0.0,0.0,0.0
FGA,0.0,1.0,0.0,0.0,0.0,0.0
FGB,0.0,1.0,0.0,0.0,0.0,0.0
FGD1,0.0,1.0,0.0,0.0,0.0,0.0
FGD4,0.0,1.0,0.0,0.0,0.0,0.0
FGD5,0.0,1.0,1.0,0.0,0.0,0.0
FGD6,0.0,1.0,1.0,0.0,0.0,0.0
FGF14,0.0,1.0,0.0,0.0,0.0,0.0
FGF5,0.0,1.0,1.0,0.0,0.0,0.0
FGF6,0.0,1.0,0.0,0.0,0.0,0.0
FGF9,0.0,1.0,0.0,0.0,0.0,0.0
FGFR1,0.0,0.0,0.0,1.0,0.0,0.0
FGFR2,0.0,1.0,0.0,1.0,0.0,0.0
FGFR3,0.0,1.0,0.0,1.0,0.0,0.0
FGFR4,0.0,0.0,0.0,1.0,0.0,0.0
FGG,0.0,1.0,0.0,0.0,0.0,0.0
FGL1,0.0,1.0,0.0,0.0,0.0,0.0
FHIT,0.0,1.0,0.0,0.0,0.0,0.0
FHL1,0.0,1.0,1.0,0.0,0.0,0.0
FHL2,0.0,1.0,0.0,0.0,0.0,0.0
FHL3,0.0,1.0,1.0,0.0,0.0,0.0
FHL5,0.0,1.0,0.0,0.0,0.0,0.0
FHOD3,0.0,1.0,0.0,0.0,0.0,0.0
FIBCD1,0.0,0.0,0.0,1.0,0.0,0.0
FIGN,0.0,1.0,1.0,0.0,0.0,0.0
FIGNL1,0.0,0.0,0.0,1.0,1.0,0.0
FKTN,0.0,1.0,0.0,0.0,0.0,0.0
FLACC1,0.0,0.0,0.0,0.0,0.0,1.0
FLAD1,0.0,1.0,0.0,0.0,0.0,0.0
FLG,1.0,0.0,0.0,1.0,0.0,0.0
FLI1,0.0,0.0,0.0,1.0,0.0,1.0
FLII,0.0,1.0,0.0,0.0,0.0,0.0
FLNA,0.0,1.0,0.0,0.0,0.0,0.0
FLNC,0.0,1.0,0.0,0.0,0.0,0.0
FLT1,0.0,1.0,1.0,0.0,0.0,0.0
FLT3,0.0,0.0,0.0,1.0,0.0,0.0
FLT4,0.0,1.0,0.0,0.0,0.0,0.0
FMNL1,1.0,0.0,0.0,0.0,0.0,0.0
FMO4,0.0,1.0,0.0,0.0,0.0,0.0
FMO5,0.0,0.0,0.0,1.0,0.0,0.0
FN1,0.0,1.0,1.0,0.0,0.0,0.0
FNDC3B,0.0,1.0,0.0,0.0,0.0,0.0
FNIP1,0.0,1.0,0.0,0.0,0.0,0.0
FOCAD,0.0,0.0,0.0,1.0,0.0,0.0
FOLH1,0.0,1.0,0.0,0.0,0.0,0.0
FOSL2,0.0,1.0,0.0,1.0,0.0,1.0
FOXA2,0.0,0.0,0.0,1.0,0.0,0.0
FOXC1,0.0,1.0,1.0,0.0,0.0,0.0
FOXC2,0.0,1.0,1.0,0.0,0.0,0.0
FOXD1,0.0,1.0,0.0,0.0,0.0,0.0
FOXD3,0.0,0.0,0.0,1.0,0.0,0.0
FOXE1,0.0,0.0,0.0,1.0,0.0,0.0
FOXE3,0.0,1.0,0.0,0.0,0.0,0.0
FOXF1,0.0,1.0,0.0,0.0,0.0,0.0
FOXF2,0.0,1.0,0.0,0.0,0.0,0.0
FOXK1,0.0,0.0,0.0,1.0,0.0,0.0
FOXL1,0.0,1.0,1.0,0.0,0.0,0.0
FOXN3,0.0,0.0,0.0,1.0,0.0,0.0
FOXO1,1.0,0.0,0.0,0.0,0.0,1.0
FOXP1,1.0,1.0,0.0,1.0,0.0,0.0
FOXP2,0.0,1.0,0.0,0.0,0.0,0.0
FOXP3,0.0,0.0,0.0,1.0,0.0,0.0
FOXP4,0.0,1.0,0.0,0.0,0.0,0.0
FOXQ1,0.0,1.0,0.0,0.0,0.0,0.0
FREM1,0.0,1.0,0.0,0.0,0.0,0.0
FRMD1,0.0,1.0,0.0,0.0,0.0,0.0
FRMD3,0.0,1.0,0.0,0.0,0.0,0.0
FRMD4B,0.0,1.0,0.0,1.0,0.0,0.0
FSCN3,0.0,0.0,0.0,1.0,0.0,0.0
FSIP2,0.0,1.0,0.0,0.0,0.0,0.0
FSTL4,0.0,0.0,0.0,0.0,0.0,1.0
FTH1,0.0,1.0,0.0,0.0,0.0,0.0
FTO,1.0,1.0,1.0,1.0,0.0,0.0
FURIN,0.0,1.0,1.0,0.0,0.0,0.0
FUT2,0.0,1.0,0.0,1.0,0.0,1.0
FXYD2,0.0,0.0,0.0,1.0,0.0,0.0
FYB1,0.0,0.0,0.0,1.0,0.0,0.0
FZD4,0.0,1.0,0.0,0.0,0.0,0.0
G6PD,0.0,1.0,0.0,0.0,0.0,0.0
GAA,0.0,1.0,0.0,0.0,0.0,0.0
GAB2,0.0,0.0,0.0,1.0,0.0,0.0
GADD45G,1.0,0.0,0.0,0.0,0.0,0.0
GAL3ST2,1.0,0.0,0.0,0.0,0.0,1.0
GALC,0.0,0.0,0.0,0.0,0.0,1.0
GALNT3,0.0,0.0,0.0,1.0,0.0,0.0
GALNT4,0.0,1.0,1.0,0.0,0.0,0.0
GARIN1B,0.0,1.0,0.0,0.0,0.0,0.0
GAS7,0.0,1.0,0.0,0.0,0.0,0.0
GATA2,0.0,1.0,0.0,0.0,0.0,0.0
GATA3,1.0,0.0,0.0,1.0,1.0,1.0
GATA4,0.0,1.0,0.0,1.0,0.0,0.0
GATA5,0.0,1.0,0.0,0.0,0.0,0.0
GATA6,0.0,1.0,0.0,1.0,0.0,0.0
GATAD1,0.0,1.0,0.0,0.0,0.0,0.0
GBA1,0.0,1.0,0.0,0.0,0.0,0.0
GCA,0.0,0.0,0.0,1.0,0.0,0.0
GCK,0.0,1.0,1.0,1.0,0.0,0.0
GCKR,0.0,1.0,0.0,1.0,0.0,0.0
GCLC,0.0,1.0,0.0,0.0,0.0,0.0
GCLM,0.0,1.0,0.0,0.0,0.0,0.0
GCOM1,0.0,1.0,0.0,0.0,0.0,0.0
GDF1,0.0,1.0,0.0,0.0,0.0,0.0
GDF2,0.0,1.0,0.0,0.0,0.0,0.0
GDF6,0.0,0.0,0.0,1.0,0.0,0.0
GDF7,0.0,1.0,0.0,1.0,0.0,0.0
GDPD5,0.0,1.0,1.0,0.0,0.0,0.0
GEM,0.0,1.0,1.0,0.0,0.0,0.0
GGCX,0.0,1.0,1.0,0.0,0.0,0.0
GIGYF1,0.0,0.0,0.0,1.0,0.0,0.0
GIGYF2,0.0,1.0,1.0,0.0,0.0,0.0
GIMAP5,0.0,1.0,0.0,0.0,0.0,0.0
GIN1,0.0,0.0,0.0,1.0,0.0,0.0
GINS2,0.0,0.0,0.0,1.0,0.0,0.0
GIP,0.0,1.0,0.0,1.0,0.0,0.0
GIPR,0.0,0.0,0.0,1.0,0.0,0.0
GJA1,1.0,1.0,0.0,0.0,0.0,0.0
GJA5,0.0,1.0,0.0,0.0,0.0,0.0
GJB2,0.0,1.0,0.0,0.0,0.0,0.0
GLA,0.0,1.0,0.0,0.0,0.0,0.0
GLB1,1.0,0.0,0.0,0.0,0.0,0.0
GLCE,0.0,1.0,0.0,0.0,0.0,0.0
GLI1,0.0,1.0,0.0,0.0,0.0,0.0
GLI2,0.0,1.0,0.0,1.0,0.0,0.0
GLIS3,1.0,1.0,0.0,1.0,0.0,0.0
GLMN,0.0,1.0,0.0,1.0,0.0,0.0
GLP1R,0.0,0.0,0.0,1.0,0.0,0.0
GLP2R,0.0,0.0,0.0,1.0,0.0,0.0
GLRA1,0.0,0.0,0.0,1.0,0.0,0.0
GLYAT,0.0,1.0,0.0,0.0,0.0,0.0
GLYATL2,0.0,1.0,0.0,0.0,0.0,0.0
GMCL1,0.0,1.0,0.0,0.0,0.0,0.0
GMDS,0.0,1.0,0.0,0.0,0.0,0.0
GML,0.0,1.0,0.0,0.0,0.0,0.0
GNA11,0.0,1.0,0.0,0.0,0.0,0.0
GNA12,0.0,0.0,0.0,0.0,0.0,1.0
GNA14,0.0,1.0,0.0,0.0,0.0,0.0
GNA15,1.0,0.0,0.0,0.0,0.0,0.0
GNAO1,0.0,1.0,0.0,0.0,0.0,0.0
GNAQ,0.0,1.0,0.0,0.0,0.0,0.0
GNAS,0.0,0.0,0.0,1.0,0.0,0.0
GNB1,0.0,0.0,0.0,0.0,1.0,0.0
GNB2,0.0,1.0,0.0,0.0,0.0,0.0
GNB4,0.0,1.0,0.0,0.0,0.0,0.0
GNG7,0.0,1.0,0.0,1.0,0.0,0.0
GOLIM4,0.0,0.0,0.0,1.0,0.0,0.0
GOPC,0.0,1.0,0.0,1.0,0.0,0.0
GORAB,0.0,1.0,0.0,0.0,0.0,0.0
GOSR2,0.0,1.0,1.0,0.0,0.0,0.0
GP2,0.0,0.0,0.0,1.0,0.0,0.0
GPATCH2,0.0,1.0,0.0,0.0,0.0,0.0
GPC5,0.0,0.0,0.0,1.0,0.0,0.0
GPD1L,0.0,1.0,0.0,0.0,0.0,0.0
GPD2,0.0,0.0,0.0,1.0,0.0,0.0
GPR149,0.0,1.0,0.0,0.0,0.0,0.0
GPR174,0.0,0.0,0.0,0.0,0.0,1.0
GPR18,1.0,0.0,0.0,0.0,0.0,0.0
GPR183,1.0,0.0,0.0,0.0,0.0,0.0
GPR35,0.0,0.0,0.0,0.0,0.0,1.0
GPR37,0.0,0.0,0.0,0.0,1.0,0.0
GPR39,0.0,1.0,0.0,0.0,0.0,0.0
GPR65,0.0,0.0,0.0,0.0,0.0,1.0
GPSM1,0.0,1.0,0.0,1.0,0.0,0.0
GRAMD1B,0.0,0.0,0.0,0.0,1.0,0.0
GRAMD2B,0.0,0.0,0.0,1.0,0.0,0.0
GRB10,0.0,0.0,0.0,1.0,0.0,0.0
GRB14,0.0,1.0,0.0,1.0,0.0,0.0
GREM1,0.0,1.0,0.0,0.0,0.0,0.0
GRHL1,0.0,0.0,0.0,1.0,0.0,0.0
GRHL2,0.0,0.0,0.0,0.0,0.0,1.0
GRIA1,0.0,1.0,0.0,0.0,0.0,0.0
GRID1,0.0,0.0,0.0,1.0,0.0,0.0
GRIFIN,0.0,1.0,0.0,0.0,0.0,0.0
GRIN2A,0.0,1.0,0.0,0.0,0.0,0.0
GRK5,0.0,1.0,0.0,1.0,0.0,0.0
GRK6,0.0,1.0,0.0,0.0,0.0,0.0
GRM4,1.0,0.0,0.0,0.0,0.0,0.0
GRM5,0.0,1.0,0.0,0.0,0.0,0.0
GRM8,0.0,0.0,0.0,1.0,0.0,0.0
GRP,0.0,0.0,0.0,1.0,0.0,0.0
GSAP,1.0,0.0,0.0,1.0,0.0,0.0
GSDMA,1.0,0.0,0.0,0.0,0.0,0.0
GSDMB,1.0,1.0,0.0,1.0,0.0,0.0
GSDMC,0.0,1.0,0.0,0.0,0.0,0.0
GSG1L2,0.0,1.0,0.0,0.0,0.0,0.0
GSN,0.0,1.0,0.0,1.0,0.0,0.0
GTF2B,0.0,1.0,0.0,0.0,0.0,0.0
GTF2I,0.0,1.0,0.0,1.0,0.0,0.0
GTPBP1,0.0,1.0,0.0,0.0,0.0,0.0
GUCA1A,0.0,1.0,0.0,0.0,0.0,0.0
GUCY1A1,0.0,1.0,1.0,0.0,0.0,0.0
GUCY1A2,0.0,1.0,0.0,0.0,0.0,0.0
GUCY1B1,0.0,1.0,1.0,1.0,0.0,0.0
GUCY2D,0.0,1.0,0.0,0.0,0.0,0.0
GYG1,0.0,1.0,0.0,0.0,0.0,0.0
GYPC,0.0,1.0,0.0,0.0,0.0,0.0
H1-6,0.0,1.0,0.0,1.0,0.0,0.0
H1-7,0.0,0.0,0.0,1.0,0.0,0.0
H19,0.0,1.0,0.0,0.0,0.0,0.0
H2BC1,0.0,0.0,0.0,1.0,0.0,0.0
H4C8,0.0,0.0,0.0,1.0,0.0,0.0
HAAO,0.0,1.0,0.0,1.0,0.0,0.0
HADHA,0.0,1.0,0.0,0.0,0.0,0.0
HADHB,0.0,1.0,0.0,0.0,0.0,0.0
HAND1,0.0,1.0,0.0,0.0,0.0,0.0
HAND2,0.0,1.0,0.0,0.0,0.0,0.0
HAPLN3,0.0,1.0,1.0,0.0,0.0,0.0
HAUS6,0.0,0.0,0.0,1.0,0.0,0.0
HAUS8,1.0,1.0,0.0,0.0,0.0,0.0
HAVCR1,0.0,1.0,0.0,0.0,0.0,0.0
HBS1L,0.0,1.0,0.0,0.0,0.0,0.0
HCN4,0.0,1.0,0.0,0.0,0.0,0.0
HDAC7,1.0,1.0,0.0,0.0,0.0,1.0
HDAC8,0.0,1.0,0.0,0.0,0.0,0.0
HDAC9,0.0,1.0,1.0,1.0,0.0,0.0
HDGFL1,0.0,1.0,1.0,0.0,0.0,0.0
HECTD4,0.0,1.0,1.0,0.0,0.0,1.0
HELT,0.0,1.0,0.0,0.0,0.0,0.0
HERC1,0.0,0.0,0.0,1.0,0.0,0.0
HERC2,0.0,0.0,0.0,1.0,0.0,0.0
HEY2,0.0,1.0,0.0,1.0,0.0,0.0
HFE,0.0,1.0,0.0,0.0,0.0,0.0
HGFAC,0.0,1.0,1.0,0.0,0.0,0.0
HHAT,0.0,1.0,1.0,0.0,0.0,0.0
HHEX,1.0,0.0,0.0,1.0,0.0,0.0
HHIP,0.0,1.0,0.0,1.0,0.0,0.0
HHIPL1,0.0,1.0,1.0,0.0,0.0,0.0
HIBADH,0.0,1.0,0.0,0.0,0.0,0.0
HIC1,0.0,1.0,0.0,0.0,0.0,0.0
HIF1A,0.0,1.0,0.0,0.0,0.0,0.0
HIPK1,0.0,0.0,0.0,1.0,0.0,0.0
HIPK2,0.0,1.0,0.0,0.0,0.0,0.0
HIVEP1,1.0,0.0,0.0,0.0,0.0,0.0
HIVEP2,1.0,1.0,0.0,1.0,0.0,0.0
HIVEP3,0.0,1.0,0.0,0.0,0.0,0.0
HJURP,0.0,1.0,0.0,0.0,0.0,0.0
HLA-A,1.0,0.0,0.0,1.0,0.0,0.0
HLA-B,1.0,1.0,0.0,0.0,0.0,1.0
HLA-C,1.0,0.0,0.0,1.0,0.0,1.0
HLA-DMA,0.0,1.0,0.0,1.0,0.0,0.0
HLA-DMB,0.0,0.0,0.0,0.0,0.0,1.0
HLA-DOB,0.0,1.0,0.0,0.0,0.0,1.0
HLA-DPA1,1.0,0.0,0.0,0.0,0.0,0.0
HLA-DPB1,0.0,1.0,0.0,0.0,0.0,0.0
HLA-DQA1,1.0,0.0,0.0,1.0,1.0,1.0
HLA-DQA2,0.0,0.0,0.0,1.0,0.0,0.0
HLA-DQB1,1.0,1.0,0.0,1.0,0.0,1.0
HLA-DQB2,0.0,1.0,0.0,0.0,0.0,1.0
HLA-DRA,0.0,0.0,0.0,1.0,0.0,0.0
HLA-DRB1,0.0,1.0,0.0,0.0,0.0,1.0
HLA-DRB5,0.0,0.0,0.0,0.0,0.0,1.0
HMG20A,0.0,0.0,0.0,1.0,0.0,0.0
HMGA1,0.0,1.0,0.0,1.0,0.0,0.0
HMGA2,0.0,1.0,0.0,1.0,0.0,0.0
HMGB1,0.0,0.0,0.0,1.0,0.0,0.0
HMGCL,0.0,1.0,0.0,0.0,0.0,0.0
HMGCLL1,0.0,1.0,0.0,0.0,0.0,0.0
HMGCR,0.0,1.0,0.0,0.0,0.0,0.0
HNF1A,0.0,1.0,1.0,1.0,0.0,0.0
HNF1B,0.0,0.0,0.0,1.0,0.0,0.0
HNF4A,0.0,0.0,0.0,1.0,0.0,0.0
HNF4G,0.0,1.0,0.0,0.0,0.0,0.0
HNRNPA1L3,0.0,1.0,0.0,0.0,0.0,0.0
HORMAD2,0.0,0.0,0.0,1.0,0.0,1.0
HOXA13,0.0,1.0,0.0,0.0,0.0,0.0
HOXC4,0.0,1.0,1.0,1.0,0.0,0.0
HOXD12,0.0,1.0,0.0,0.0,0.0,0.0
HOXD4,0.0,1.0,0.0,0.0,0.0,0.0
HPR,0.0,1.0,0.0,0.0,0.0,0.0
HPSE2,1.0,1.0,0.0,0.0,0.0,0.0
HRAS,0.0,1.0,0.0,0.0,0.0,0.0
HRCT1,0.0,1.0,0.0,0.0,0.0,0.0
HRNR,1.0,0.0,0.0,0.0,0.0,0.0
HS3ST1,0.0,1.0,1.0,0.0,0.0,0.0
HS6ST3,0.0,1.0,0.0,1.0,0.0,0.0
HSD17B12,0.0,1.0,1.0,1.0,0.0,0.0
HSF2,0.0,1.0,0.0,0.0,0.0,0.0
HSF2BP,0.0,1.0,0.0,0.0,0.0,0.0
HSP90B1,0.0,1.0,1.0,0.0,0.0,0.0
HSPA12A,0.0,1.0,0.0,1.0,0.0,0.0
HSPA4,0.0,1.0,0.0,0.0,0.0,0.0
HSPA8,0.0,1.0,0.0,0.0,0.0,0.0
HSPB7,0.0,1.0,0.0,0.0,0.0,0.0
HSPG2,0.0,1.0,0.0,0.0,0.0,0.0
HTR3B,0.0,0.0,0.0,1.0,0.0,0.0
HTRA1,0.0,1.0,1.0,0.0,0.0,0.0
HTT,0.0,0.0,0.0,1.0,0.0,0.0
HUWE1,0.0,1.0,0.0,0.0,0.0,0.0
HYCC2,0.0,0.0,0.0,0.0,1.0,0.0
HYDIN,0.0,1.0,0.0,0.0,0.0,0.0
HYKK,0.0,1.0,0.0,0.0,0.0,0.0
HYLS1,0.0,1.0,0.0,0.0,0.0,0.0
HYMAI,0.0,0.0,0.0,1.0,0.0,0.0
ICA1L,0.0,1.0,1.0,0.0,0.0,0.0
ICAM3,0.0,0.0,0.0,0.0,0.0,1.0
ICOSLG,0.0,0.0,0.0,0.0,0.0,1.0
ID2,1.0,1.0,0.0,0.0,0.0,0.0
ID3,0.0,0.0,0.0,0.0,1.0,0.0
ID4,1.0,0.0,0.0,1.0,0.0,0.0
IDE,1.0,0.0,0.0,1.0,0.0,0.0
IDH1,0.0,1.0,0.0,0.0,0.0,0.0
IDH2,0.0,1.0,0.0,0.0,0.0,0.0
IDUA,0.0,1.0,0.0,0.0,0.0,1.0
IFIH1,0.0,1.0,1.0,1.0,0.0,1.0
IFNE,0.0,0.0,0.0,1.0,0.0,0.0
IFNG,0.0,0.0,0.0,0.0,0.0,1.0
IFNGR1,0.0,1.0,0.0,0.0,0.0,0.0
IFNGR2,0.0,0.0,0.0,0.0,0.0,1.0
IFNLR1,0.0,0.0,0.0,1.0,0.0,1.0
IFT22,0.0,0.0,0.0,0.0,0.0,1.0
IFT52,0.0,0.0,0.0,1.0,0.0,0.0
IGF1R,0.0,1.0,0.0,1.0,0.0,0.0
IGF2,0.0,1.0,0.0,1.0,0.0,0.0
IGF2BP1,0.0,1.0,1.0,1.0,0.0,0.0
IGF2BP2,0.0,0.0,0.0,1.0,0.0,0.0
IGF2BP3,0.0,0.0,0.0,1.0,0.0,0.0
IGF2R,0.0,1.0,1.0,0.0,0.0,0.0
IGFBP3,0.0,1.0,0.0,0.0,0.0,0.0
IGFBP7,0.0,1.0,0.0,0.0,0.0,0.0
IGHG1,0.0,1.0,0.0,0.0,0.0,0.0
IGLL5,0.0,0.0,0.0,0.0,1.0,0.0
IGSF3,0.0,0.0,0.0,0.0,0.0,1.0
IGSF9B,0.0,1.0,0.0,0.0,0.0,0.0
IKBKG,0.0,1.0,0.0,0.0,0.0,0.0
IKZF1,1.0,0.0,0.0,1.0,1.0,1.0
IKZF2,0.0,0.0,0.0,1.0,0.0,0.0
IKZF3,1.0,0.0,0.0,0.0,0.0,1.0
IKZF4,1.0,0.0,0.0,1.0,0.0,0.0
IL10,0.0,1.0,0.0,1.0,0.0,0.0
IL12A,0.0,1.0,0.0,0.0,0.0,0.0
IL12B,0.0,1.0,0.0,1.0,0.0,1.0
IL12RB2,0.0,1.0,0.0,0.0,0.0,1.0
IL13,1.0,0.0,0.0,1.0,0.0,0.0
IL13RA1,0.0,0.0,0.0,1.0,0.0,0.0
IL17RD,0.0,1.0,0.0,0.0,0.0,0.0
IL17REL,0.0,0.0,0.0,1.0,0.0,0.0
IL18R1,1.0,1.0,0.0,0.0,0.0,1.0
IL18RAP,1.0,0.0,0.0,0.0,0.0,0.0
IL19,0.0,1.0,0.0,1.0,0.0,1.0
IL1B,1.0,1.0,0.0,0.0,0.0,0.0
IL1F10,0.0,1.0,0.0,0.0,0.0,0.0
IL1RL1,1.0,0.0,0.0,0.0,0.0,0.0
IL1RL2,1.0,0.0,0.0,0.0,0.0,0.0
IL1RN,0.0,1.0,0.0,0.0,0.0,0.0
IL2,1.0,0.0,0.0,1.0,0.0,0.0
IL20RA,0.0,0.0,0.0,1.0,0.0,0.0
IL21,1.0,0.0,0.0,1.0,0.0,1.0
IL21R,1.0,0.0,0.0,0.0,0.0,0.0
IL23R,0.0,0.0,0.0,1.0,0.0,1.0
IL27,0.0,0.0,0.0,0.0,0.0,1.0
IL2RA,1.0,0.0,0.0,1.0,0.0,1.0
IL2RB,1.0,0.0,0.0,1.0,0.0,0.0
IL33,1.0,0.0,0.0,0.0,0.0,0.0
IL34,0.0,0.0,0.0,1.0,0.0,0.0
IL4,0.0,1.0,0.0,0.0,0.0,0.0
IL4R,1.0,0.0,0.0,0.0,0.0,0.0
IL6,1.0,1.0,0.0,0.0,0.0,1.0
IL6R,1.0,1.0,1.0,1.0,0.0,1.0
IL7R,1.0,0.0,0.0,1.0,0.0,0.0
ILRUN,0.0,0.0,0.0,0.0,1.0,0.0
INAFM2,0.0,0.0,0.0,1.0,0.0,0.0
INAVA,0.0,0.0,0.0,0.0,0.0,1.0
INF2,0.0,1.0,0.0,0.0,0.0,0.0
INHBB,0.0,0.0,0.0,1.0,0.0,0.0
INKA2,0.0,0.0,0.0,1.0,0.0,0.0
INMT,0.0,1.0,0.0,0.0,0.0,0.0
INMT-MINDY4,0.0,1.0,0.0,0.0,0.0,0.0
INPP5A,0.0,1.0,0.0,0.0,0.0,0.0
INPP5B,0.0,1.0,1.0,0.0,0.0,0.0
INPP5E,0.0,1.0,0.0,0.0,0.0,0.0
INPPL1,0.0,0.0,0.0,1.0,0.0,0.0
INS,0.0,1.0,0.0,1.0,0.0,0.0
INS-IGF2,0.0,1.0,0.0,1.0,0.0,0.0
INSIG1,0.0,1.0,1.0,0.0,0.0,0.0
INSR,0.0,1.0,0.0,1.0,0.0,0.0
IP6K3,0.0,0.0,0.0,1.0,0.0,0.0
IPCEF1,1.0,0.0,0.0,0.0,1.0,0.0
IPO8,0.0,1.0,0.0,0.0,0.0,0.0
IPO9,0.0,1.0,1.0,0.0,0.0,0.0
IQCH,1.0,0.0,0.0,0.0,0.0,0.0
IQGAP1,1.0,0.0,0.0,0.0,0.0,1.0
IRAG1,1.0,1.0,1.0,0.0,0.0,0.0
IRAK1BP1,0.0,1.0,0.0,0.0,0.0,0.0
IRAK3,1.0,0.0,0.0,0.0,0.0,0.0
IRF1,1.0,1.0,0.0,0.0,0.0,1.0
IRF2,0.0,0.0,0.0,1.0,0.0,0.0
IRF2BPL,0.0,1.0,0.0,0.0,0.0,0.0
IRF4,1.0,1.0,0.0,1.0,1.0,1.0
IRF5,0.0,0.0,0.0,0.0,0.0,1.0
IRF6,0.0,1.0,0.0,0.0,0.0,0.0
IRF8,0.0,0.0,0.0,0.0,1.0,1.0
IRGM,0.0,0.0,0.0,0.0,0.0,1.0
IRS1,0.0,0.0,0.0,1.0,0.0,0.0
IRX1,0.0,1.0,0.0,0.0,0.0,0.0
IRX3,0.0,0.0,0.0,1.0,0.0,0.0
IRX4,0.0,1.0,0.0,0.0,0.0,0.0
ISL1,0.0,1.0,0.0,0.0,0.0,0.0
ITGA1,0.0,1.0,0.0,1.0,0.0,0.0
ITGA4,0.0,0.0,0.0,0.0,0.0,1.0
ITGAV,1.0,0.0,0.0,0.0,0.0,0.0
ITGB3,0.0,1.0,0.0,0.0,0.0,0.0
ITGB5,0.0,1.0,0.0,0.0,0.0,0.0
ITGB8,1.0,0.0,0.0,1.0,0.0,0.0
ITIH4,0.0,1.0,1.0,0.0,0.0,0.0
ITLN1,0.0,0.0,0.0,0.0,0.0,1.0
ITM2B,0.0,1.0,0.0,0.0,0.0,0.0
ITPK1,0.0,1.0,1.0,1.0,0.0,0.0
ITPKA,1.0,0.0,0.0,0.0,0.0,0.0
ITPKB,1.0,0.0,0.0,0.0,0.0,0.0
ITPKC,0.0,1.0,0.0,0.0,0.0,0.0
ITPR1,0.0,1.0,0.0,0.0,0.0,0.0
ITPR3,1.0,0.0,0.0,1.0,0.0,1.0
IYD,0.0,1.0,0.0,0.0,0.0,0.0
JADE2,0.0,0.0,0.0,1.0,0.0,0.0
JAG1,0.0,1.0,0.0,1.0,0.0,0.0
JAK1,0.0,1.0,0.0,0.0,0.0,0.0
JAK2,0.0,1.0,0.0,0.0,0.0,1.0
JARID2,0.0,1.0,0.0,1.0,0.0,0.0
JAZF1,1.0,1.0,0.0,1.0,0.0,1.0
JCAD,0.0,1.0,1.0,0.0,0.0,0.0
JMJD1C,0.0,1.0,0.0,1.0,0.0,0.0
JMY,0.0,0.0,0.0,1.0,0.0,0.0
JPH1,0.0,1.0,0.0,1.0,0.0,0.0
JPH2,0.0,1.0,0.0,1.0,0.0,0.0
JPH3,0.0,1.0,0.0,0.0,0.0,0.0
JUP,0.0,1.0,0.0,0.0,0.0,0.0
KALRN,0.0,1.0,1.0,0.0,0.0,0.0
KANK2,0.0,1.0,1.0,0.0,0.0,0.0
KAT2B,0.0,1.0,0.0,0.0,0.0,0.0
KAT6A,0.0,1.0,0.0,0.0,0.0,0.0
KAT6B,0.0,1.0,0.0,0.0,0.0,0.0
KBTBD6,0.0,0.0,0.0,1.0,0.0,0.0
KCNA5,0.0,1.0,0.0,0.0,0.0,0.0
KCNAB1,0.0,1.0,1.0,0.0,0.0,0.0
KCNB2,0.0,0.0,0.0,1.0,0.0,0.0
KCND3,1.0,1.0,0.0,0.0,0.0,0.0
KCNE1,0.0,1.0,0.0,0.0,0.0,0.0
KCNE2,0.0,1.0,1.0,0.0,0.0,0.0
KCNG1,0.0,0.0,0.0,1.0,0.0,0.0
KCNH2,0.0,1.0,0.0,0.0,0.0,0.0
KCNH7,0.0,0.0,0.0,1.0,0.0,0.0
KCNJ11,0.0,0.0,0.0,1.0,0.0,0.0
KCNJ12,0.0,0.0,0.0,1.0,0.0,0.0
KCNJ13,0.0,1.0,1.0,0.0,0.0,0.0
KCNJ2,0.0,1.0,0.0,0.0,0.0,0.0
KCNJ3,0.0,1.0,0.0,0.0,0.0,0.0
KCNJ5,0.0,1.0,0.0,0.0,0.0,0.0
KCNJ5-AS1,0.0,1.0,0.0,0.0,0.0,0.0
KCNJ8,0.0,1.0,0.0,0.0,0.0,0.0
KCNK16,0.0,0.0,0.0,1.0,0.0,0.0
KCNK17,0.0,0.0,0.0,1.0,0.0,0.0
KCNK18,0.0,1.0,0.0,0.0,0.0,0.0
KCNK2,0.0,1.0,0.0,0.0,0.0,0.0
KCNK3,0.0,1.0,0.0,0.0,0.0,0.0
KCNK5,0.0,1.0,1.0,0.0,0.0,0.0
KCNMA1,0.0,1.0,0.0,0.0,0.0,0.0
KCNN2,0.0,1.0,1.0,0.0,0.0,0.0
KCNN3,0.0,1.0,0.0,0.0,0.0,0.0
KCNQ1,0.0,1.0,0.0,1.0,0.0,0.0
KCNQ1OT1,0.0,1.0,0.0,0.0,0.0,0.0
KCNQ3,0.0,0.0,0.0,1.0,0.0,0.0
KCNU1,0.0,0.0,0.0,1.0,0.0,0.0
KCTD1,0.0,1.0,0.0,0.0,0.0,0.0
KCTD8,0.0,0.0,0.0,1.0,0.0,0.0
KDM1B,0.0,1.0,0.0,0.0,0.0,0.0
KDM2B,0.0,1.0,0.0,0.0,0.0,0.0
KDM3A,0.0,0.0,0.0,1.0,0.0,0.0
KDM4B,0.0,1.0,0.0,1.0,0.0,0.0
KDM6A,0.0,1.0,0.0,0.0,0.0,0.0
KDR,0.0,1.0,0.0,0.0,0.0,0.0
KIAA0040,0.0,1.0,0.0,0.0,0.0,0.0
KIAA1217,0.0,1.0,0.0,0.0,0.0,0.0
KIAA1549L,0.0,1.0,0.0,0.0,0.0,0.0
KIF11,1.0,1.0,0.0,1.0,0.0,0.0
KIF1A,0.0,1.0,0.0,0.0,0.0,0.0
KIF20A,0.0,1.0,0.0,0.0,0.0,0.0
KIF21B,0.0,0.0,0.0,0.0,0.0,1.0
KIF23,0.0,1.0,0.0,0.0,0.0,0.0
KIF26B,0.0,1.0,0.0,0.0,0.0,0.0
KIF3A,1.0,0.0,0.0,0.0,0.0,0.0
KIF3C,0.0,1.0,0.0,1.0,0.0,0.0
KIF5B,0.0,1.0,0.0,0.0,0.0,0.0
KL,0.0,1.0,0.0,1.0,0.0,0.0
KLF11,0.0,0.0,0.0,1.0,0.0,0.0
KLF12,0.0,1.0,0.0,0.0,0.0,0.0
KLF13,0.0,1.0,0.0,0.0,0.0,0.0
KLF14,0.0,1.0,0.0,1.0,0.0,0.0
KLF2,1.0,0.0,1.0,0.0,0.0,0.0
KLF4,0.0,1.0,1.0,0.0,0.0,0.0
KLF5,0.0,1.0,0.0,0.0,0.0,0.0
KLHL1,1.0,0.0,0.0,0.0,0.0,0.0
KLHL21,0.0,1.0,0.0,0.0,0.0,0.0
KLHL24,0.0,1.0,0.0,0.0,0.0,0.0
KLHL3,0.0,1.0,0.0,0.0,0.0,0.0
KLHL33,0.0,1.0,0.0,0.0,0.0,0.0
KLHL38,0.0,1.0,0.0,0.0,0.0,0.0
KLHL42,0.0,0.0,0.0,1.0,0.0,0.0
KLKB1,0.0,1.0,0.0,0.0,0.0,0.0
KLLN,0.0,0.0,0.0,1.0,0.0,0.0
KLRG1,0.0,0.0,0.0,1.0,0.0,0.0
KMT2D,0.0,1.0,0.0,0.0,0.0,0.0
KPNA2,0.0,1.0,0.0,0.0,0.0,0.0
KPNA3,0.0,0.0,0.0,1.0,0.0,0.0
KRAS,0.0,1.0,0.0,0.0,0.0,0.0
KREMEN1,0.0,1.0,0.0,0.0,0.0,0.0
KRIT1,0.0,1.0,0.0,0.0,0.0,0.0
KRT222,1.0,0.0,0.0,0.0,0.0,0.0
KSR1,0.0,0.0,0.0,0.0,0.0,1.0
KSR2,0.0,1.0,1.0,1.0,0.0,0.0
KYNU,0.0,1.0,0.0,0.0,0.0,0.0
L3MBTL3,0.0,0.0,0.0,1.0,0.0,0.0
L3MBTL4,0.0,1.0,0.0,0.0,0.0,0.0
LACC1,1.0,1.0,0.0,0.0,0.0,1.0
LAMA1,0.0,1.0,0.0,1.0,0.0,0.0
LAMA2,0.0,1.0,0.0,0.0,0.0,0.0
LAMA4,0.0,1.0,0.0,0.0,0.0,0.0
LAMC1,0.0,0.0,0.0,1.0,0.0,0.0
LAMP2,0.0,1.0,0.0,0.0,0.0,0.0
LARP1B,0.0,0.0,0.0,1.0,0.0,0.0
LBH,1.0,0.0,0.0,0.0,0.0,1.0
LCORL,0.0,1.0,0.0,1.0,0.0,0.0
LCTL,0.0,1.0,0.0,0.0,0.0,0.0
LDB3,0.0,1.0,0.0,1.0,0.0,0.0
LDHB,0.0,0.0,0.0,1.0,0.0,0.0
LDLR,0.0,1.0,1.0,1.0,0.0,0.0
LDLRAD4,0.0,0.0,0.0,1.0,0.0,0.0
LEF1,0.0,1.0,0.0,0.0,1.0,1.0
LEMD3,0.0,1.0,0.0,0.0,0.0,0.0
LEP,0.0,0.0,0.0,1.0,0.0,0.0
LEPR,0.0,0.0,0.0,1.0,0.0,0.0
LGALS2,0.0,1.0,0.0,0.0,0.0,0.0
LHFPL2,0.0,1.0,0.0,0.0,0.0,0.0
LHPP,0.0,0.0,0.0,0.0,1.0,0.0
LHX3,0.0,1.0,0.0,0.0,0.0,0.0
LHX5,0.0,0.0,0.0,1.0,0.0,0.0
LIFR,0.0,1.0,0.0,0.0,0.0,0.0
LIG4,0.0,0.0,0.0,0.0,1.0,0.0
LILRB2,0.0,1.0,0.0,0.0,0.0,0.0
LIMCH1,0.0,1.0,1.0,0.0,0.0,0.0
LIMS2,0.0,1.0,0.0,0.0,0.0,0.0
LIN7A,0.0,0.0,0.0,1.0,0.0,0.0
LINC02210-CRHR1,0.0,1.0,0.0,0.0,0.0,0.0
LINGO1,0.0,0.0,0.0,1.0,0.0,0.0
LINGO2,0.0,1.0,0.0,1.0,0.0,0.0
LIPA,0.0,1.0,1.0,0.0,0.0,0.0
LIPC,0.0,1.0,1.0,1.0,0.0,0.0
LIPH,0.0,0.0,0.0,1.0,0.0,0.0
LMCD1,0.0,1.0,0.0,1.0,0.0,0.0
LMF1,0.0,0.0,0.0,1.0,0.0,0.0
LMNA,0.0,1.0,0.0,1.0,0.0,0.0
LMO1,0.0,1.0,0.0,0.0,0.0,0.0
LMO7,0.0,0.0,0.0,1.0,0.0,0.0
LMOD1,0.0,1.0,1.0,0.0,0.0,0.0
LMOD2,0.0,1.0,0.0,0.0,0.0,0.0
LMTK2,0.0,0.0,0.0,1.0,0.0,0.0
LNPEP,0.0,1.0,0.0,0.0,0.0,1.0
LNX1,0.0,1.0,0.0,1.0,0.0,0.0
LONRF1,0.0,0.0,0.0,1.0,0.0,0.0
LOX,0.0,1.0,1.0,0.0,0.0,0.0
LOXL1,0.0,1.0,1.0,0.0,0.0,0.0
LPA,0.0,1.0,1.0,0.0,0.0,0.0
LPL,0.0,1.0,1.0,1.0,0.0,0.0
LPP,1.0,0.0,0.0,1.0,1.0,0.0
LRATD2,0.0,1.0,1.0,0.0,0.0,0.0
LRCH1,0.0,1.0,0.0,0.0,0.0,0.0
LRFN2,0.0,0.0,0.0,1.0,0.0,0.0
LRIG1,0.0,1.0,0.0,0.0,0.0,0.0
LRMDA,0.0,1.0,0.0,1.0,0.0,0.0
LRP1,0.0,1.0,1.0,0.0,0.0,0.0
LRP12,0.0,0.0,0.0,1.0,0.0,0.0
LRP5,0.0,1.0,0.0,0.0,0.0,0.0
LRP6,0.0,1.0,1.0,0.0,0.0,0.0
LRP8,0.0,1.0,0.0,0.0,0.0,0.0
LRRC1,0.0,0.0,0.0,1.0,0.0,0.0
LRRC10,0.0,1.0,0.0,0.0,0.0,0.0
LRRC10B,0.0,1.0,1.0,0.0,0.0,0.0
LRRC18,0.0,0.0,0.0,0.0,0.0,1.0
LRRC2,0.0,1.0,1.0,0.0,0.0,0.0
LRRC3,0.0,1.0,0.0,0.0,0.0,0.0
LRRC32,1.0,0.0,0.0,1.0,0.0,1.0
LRRC34,0.0,0.0,0.0,0.0,1.0,0.0
LRRC3B,1.0,0.0,0.0,0.0,0.0,0.0
LRRC43,1.0,0.0,0.0,0.0,0.0,0.0
LRRC53,0.0,1.0,0.0,0.0,0.0,0.0
LRRC66,0.0,0.0,0.0,1.0,0.0,0.0
LRRC7,0.0,1.0,0.0,0.0,0.0,0.0
LRRC74A,0.0,0.0,0.0,1.0,0.0,0.0
LRRK2,0.0,0.0,0.0,1.0,0.0,1.0
LRRTM4,0.0,1.0,0.0,0.0,0.0,0.0
LSM3,0.0,1.0,0.0,0.0,0.0,0.0
LSP1,0.0,1.0,0.0,0.0,0.0,0.0
LTA,0.0,1.0,0.0,0.0,0.0,1.0
LTBP4,0.0,1.0,0.0,0.0,0.0,0.0
LTK,0.0,0.0,0.0,1.0,0.0,0.0
LY75,0.0,1.0,0.0,0.0,0.0,0.0
LY75-CD302,0.0,1.0,0.0,0.0,0.0,0.0
LY86,0.0,1.0,0.0,0.0,0.0,0.0
LYRM2,0.0,1.0,1.0,0.0,0.0,0.0
LYZL2,0.0,0.0,0.0,1.0,0.0,0.0
LZTFL1,0.0,1.0,0.0,0.0,0.0,0.0
LZTR1,0.0,1.0,0.0,0.0,0.0,0.0
M6PR,0.0,0.0,0.0,1.0,0.0,0.0
MACF1,0.0,0.0,0.0,1.0,0.0,0.0
MACIR,0.0,0.0,0.0,0.0,0.0,1.0
MACROD2,0.0,1.0,0.0,0.0,0.0,0.0
MAD1L1,0.0,1.0,1.0,0.0,0.0,0.0
MAD2L1,0.0,1.0,1.0,0.0,0.0,0.0
MADCAM1,0.0,0.0,0.0,1.0,0.0,0.0
MADD,0.0,1.0,0.0,1.0,0.0,0.0
MAEA,0.0,0.0,0.0,1.0,0.0,0.0
MAF,0.0,1.0,0.0,0.0,0.0,0.0
MAFB,0.0,1.0,0.0,0.0,0.0,0.0
MAGI2,0.0,1.0,0.0,1.0,0.0,0.0
MAGI3,0.0,0.0,0.0,0.0,0.0,1.0
MAIP1,0.0,1.0,0.0,0.0,0.0,0.0
MAML2,0.0,1.0,0.0,0.0,0.0,0.0
MAML3,0.0,1.0,1.0,1.0,0.0,0.0
MAMSTR,0.0,1.0,0.0,0.0,0.0,0.0
MANBA,1.0,0.0,0.0,0.0,0.0,0.0
MANSC4,0.0,0.0,0.0,1.0,0.0,0.0
MAP1B,0.0,1.0,1.0,0.0,0.0,0.0
MAP1S,0.0,1.0,1.0,0.0,0.0,0.0
MAP2K1,0.0,1.0,0.0,0.0,0.0,0.0
MAP2K2,0.0,1.0,0.0,0.0,0.0,0.0
MAP2K3,0.0,1.0,0.0,0.0,0.0,0.0
MAP2K4,1.0,0.0,0.0,0.0,0.0,0.0
MAP2K5,0.0,0.0,0.0,1.0,0.0,0.0
MAP2K7,0.0,0.0,0.0,1.0,0.0,0.0
MAP3K1,0.0,1.0,1.0,1.0,0.0,0.0
MAP3K20,0.0,1.0,0.0,0.0,0.0,0.0
MAP3K7CL,0.0,1.0,1.0,0.0,0.0,0.0
MAP3K8,1.0,0.0,0.0,0.0,0.0,1.0
MAP4K4,1.0,1.0,0.0,0.0,0.0,0.0
MAP9,0.0,1.0,1.0,0.0,0.0,0.0
MAPK1,0.0,1.0,0.0,0.0,0.0,0.0
MAPK14,0.0,1.0,0.0,0.0,0.0,0.0
MAPK4,0.0,1.0,0.0,0.0,0.0,0.0
MAPK8IP1,0.0,0.0,0.0,1.0,0.0,0.0
MAPRE2,0.0,1.0,0.0,0.0,0.0,0.0
MAPT,0.0,1.0,0.0,1.0,0.0,0.0
MARCHF2,0.0,1.0,0.0,0.0,0.0,0.0
MARCHF5,0.0,0.0,0.0,1.0,0.0,0.0
MARCHF7,0.0,0.0,0.0,1.0,0.0,0.0
MARK3,0.0,1.0,1.0,1.0,0.0,0.0
MARK4,0.0,1.0,0.0,0.0,0.0,0.0
MAT2A,0.0,1.0,1.0,0.0,0.0,0.0
MBNL1,0.0,1.0,0.0,1.0,0.0,0.0
MBTD1,0.0,1.0,1.0,0.0,0.0,0.0
MC4R,0.0,1.0,1.0,1.0,0.0,0.0
MCF2L,0.0,1.0,1.0,0.0,0.0,0.0
MCF2L2,0.0,0.0,0.0,1.0,0.0,0.0
MCPH1,0.0,1.0,0.0,0.0,0.0,0.0
MCU,0.0,1.0,0.0,0.0,0.0,0.0
MDFIC2,0.0,0.0,0.0,1.0,0.0,0.0
MDGA2,0.0,0.0,0.0,1.0,0.0,0.0
MDM4,0.0,1.0,0.0,1.0,0.0,0.0
MECOM,1.0,1.0,0.0,0.0,0.0,0.0
MECP2,0.0,1.0,0.0,0.0,0.0,0.0
MED12,0.0,1.0,0.0,0.0,0.0,0.0
MED13L,0.0,1.0,0.0,0.0,0.0,0.0
MED23,0.0,0.0,0.0,1.0,0.0,0.0
MED27,0.0,0.0,0.0,1.0,0.0,0.0
MEF2A,0.0,1.0,1.0,0.0,0.0,0.0
MEF2C,0.0,1.0,0.0,1.0,0.0,0.0
MEF2D,0.0,1.0,0.0,0.0,0.0,0.0
MEFV,0.0,1.0,0.0,0.0,0.0,0.0
MEN1,0.0,1.0,0.0,1.0,0.0,0.0
MERTK,0.0,1.0,1.0,0.0,0.0,0.0
METAP2,0.0,0.0,0.0,1.0,0.0,0.0
METTL15,0.0,0.0,0.0,1.0,0.0,0.0
METTL27,1.0,0.0,0.0,0.0,0.0,0.0
MEX3C,0.0,1.0,0.0,0.0,0.0,0.0
MFAP5,0.0,1.0,0.0,0.0,0.0,0.0
MFGE8,0.0,1.0,1.0,0.0,0.0,0.0
MFHAS1,0.0,1.0,0.0,1.0,0.0,0.0
MFSD14B,0.0,0.0,0.0,1.0,0.0,0.0
MFSD4B,0.0,0.0,0.0,1.0,0.0,0.0
MGAT1,0.0,0.0,0.0,1.0,0.0,0.0
MGAT2,0.0,1.0,0.0,0.0,0.0,0.0
MGAT5,0.0,0.0,0.0,0.0,1.0,0.0
MIA3,0.0,1.0,1.0,0.0,0.0,0.0
MIB1,0.0,1.0,0.0,0.0,0.0,0.0
MICA,0.0,1.0,0.0,1.0,0.0,1.0
MICB,1.0,0.0,0.0,1.0,0.0,1.0
MIF,0.0,0.0,0.0,0.0,0.0,1.0
MINK1,0.0,1.0,0.0,0.0,0.0,0.0
MIPEP,0.0,1.0,0.0,0.0,0.0,0.0
MIR3606,0.0,1.0,0.0,0.0,0.0,0.0
MIR3915,0.0,1.0,0.0,0.0,0.0,0.0
MIR548F5,0.0,1.0,0.0,0.0,0.0,0.0
MITF,0.0,1.0,1.0,0.0,0.0,0.0
MKLN1,0.0,1.0,0.0,0.0,0.0,0.0
MKRN2,0.0,1.0,0.0,0.0,0.0,0.0
MKRN2OS,0.0,1.0,0.0,0.0,0.0,0.0
MLANA,1.0,0.0,0.0,0.0,0.0,0.0
MLH3,0.0,1.0,1.0,0.0,0.0,0.0
MLKL,0.0,0.0,0.0,1.0,0.0,0.0
MLLT10,0.0,1.0,0.0,0.0,0.0,0.0
MLLT3,0.0,1.0,0.0,1.0,0.0,0.0
MLN,0.0,0.0,0.0,1.0,0.0,0.0
MLX,0.0,0.0,0.0,1.0,0.0,0.0
MLXIPL,0.0,1.0,0.0,0.0,0.0,0.0
MLYCD,0.0,1.0,0.0,0.0,0.0,0.0
MMACHC,0.0,1.0,0.0,0.0,0.0,0.0
MMEL1,0.0,0.0,0.0,0.0,0.0,1.0
MMP12,0.0,1.0,0.0,0.0,0.0,0.0
MMP15,0.0,1.0,0.0,0.0,0.0,0.0
MMP21,0.0,1.0,0.0,0.0,0.0,0.0
MMP3,0.0,1.0,1.0,0.0,0.0,0.0
MN1,0.0,1.0,0.0,0.0,0.0,0.0
MNDA,0.0,0.0,0.0,1.0,0.0,0.0
MNS1,0.0,1.0,0.0,0.0,1.0,0.0
MNX1,0.0,0.0,0.0,1.0,0.0,0.0
MOB1B,0.0,0.0,0.0,1.0,0.0,0.0
MOCS2,0.0,1.0,0.0,0.0,0.0,0.0
MON2,0.0,1.0,0.0,0.0,0.0,0.0
MORC3,0.0,1.0,0.0,0.0,0.0,0.0
MORF4L1,0.0,1.0,1.0,0.0,0.0,0.0
MORN1,0.0,1.0,1.0,0.0,0.0,0.0
MPHOSPH9,0.0,0.0,0.0,1.0,0.0,0.0
MPI,0.0,1.0,0.0,0.0,0.0,0.0
MPPED2,0.0,1.0,0.0,1.0,0.0,0.0
MRAP,0.0,1.0,0.0,0.0,0.0,0.0
MRAS,0.0,1.0,1.0,1.0,0.0,0.0
MRGPRE,0.0,1.0,0.0,0.0,0.0,0.0
MRPS30,0.0,0.0,0.0,1.0,0.0,0.0
MRPS35,0.0,0.0,0.0,1.0,0.0,0.0
MRPS6,0.0,1.0,1.0,0.0,0.0,0.0
MRTFA,0.0,1.0,1.0,0.0,0.0,0.0
MS4A4A,0.0,1.0,0.0,0.0,0.0,0.0
MSH6,0.0,1.0,0.0,0.0,0.0,0.0
MSI1,0.0,0.0,0.0,0.0,0.0,1.0
MSRA,0.0,0.0,0.0,1.0,0.0,0.0
MSX1,1.0,0.0,0.0,0.0,0.0,0.0
MSX2,0.0,1.0,0.0,0.0,0.0,0.0
MT-ATP6,0.0,1.0,0.0,1.0,0.0,0.0
MT-ATP8,0.0,1.0,0.0,1.0,0.0,0.0
MT-CO1,0.0,1.0,0.0,1.0,0.0,0.0
MT-CO2,0.0,1.0,0.0,1.0,0.0,0.0
MT-CO3,0.0,1.0,0.0,1.0,0.0,0.0
MT-CYB,0.0,1.0,0.0,1.0,0.0,0.0
MT-ND1,0.0,1.0,0.0,1.0,0.0,0.0
MT-ND2,0.0,1.0,0.0,1.0,0.0,0.0
MT-ND3,0.0,1.0,0.0,1.0,0.0,0.0
MT-ND4,0.0,1.0,0.0,1.0,0.0,0.0
MT-ND4L,0.0,1.0,0.0,1.0,0.0,0.0
MT-ND5,0.0,1.0,0.0,1.0,0.0,0.0
MT-ND6,0.0,1.0,0.0,1.0,0.0,0.0
MT-RNR2,0.0,1.0,0.0,0.0,0.0,0.0
MT-TE,0.0,0.0,0.0,1.0,0.0,0.0
MT-TF,0.0,1.0,0.0,0.0,0.0,0.0
MT-TG,0.0,1.0,0.0,0.0,0.0,0.0
MT-TH,0.0,1.0,0.0,0.0,0.0,0.0
MT-TI,0.0,1.0,0.0,0.0,0.0,0.0
MT-TK,0.0,1.0,0.0,1.0,0.0,0.0
MT-TL1,0.0,1.0,0.0,1.0,0.0,0.0
MT-TP,0.0,1.0,0.0,0.0,0.0,0.0
MT-TQ,0.0,1.0,0.0,0.0,0.0,0.0
MT-TS1,0.0,1.0,0.0,0.0,0.0,0.0
MT-TW,0.0,1.0,0.0,0.0,0.0,0.0
MTAP,0.0,1.0,1.0,0.0,0.0,0.0
MTHFD1L,0.0,1.0,1.0,0.0,0.0,0.0
MTHFR,0.0,1.0,0.0,0.0,0.0,0.0
MTMR3,0.0,0.0,0.0,1.0,0.0,0.0
MTNR1B,0.0,0.0,0.0,1.0,0.0,0.0
MTOR,0.0,0.0,0.0,1.0,0.0,0.0
MTSS1,0.0,1.0,0.0,0.0,0.0,0.0
MTUS2,0.0,1.0,0.0,0.0,0.0,0.0
MTX2,0.0,1.0,0.0,0.0,0.0,0.0
MUC12,0.0,1.0,0.0,0.0,0.0,0.0
MUC16,1.0,0.0,0.0,0.0,0.0,0.0
MUC22,0.0,1.0,0.0,0.0,0.0,0.0
MUC5AC,1.0,0.0,0.0,0.0,0.0,0.0
MX1,0.0,1.0,1.0,1.0,0.0,0.0
MXD1,0.0,1.0,0.0,0.0,0.0,0.0
MYBL2,0.0,0.0,0.0,1.0,0.0,0.0
MYBPC3,0.0,1.0,0.0,0.0,0.0,0.0
MYC,1.0,0.0,0.0,1.0,0.0,0.0
MYCN,0.0,0.0,0.0,1.0,0.0,0.0
MYD88,0.0,0.0,0.0,0.0,1.0,0.0
MYEOV,0.0,1.0,0.0,1.0,0.0,0.0
MYH11,0.0,1.0,1.0,0.0,0.0,0.0
MYH6,0.0,1.0,0.0,0.0,0.0,0.0
MYH7,0.0,1.0,0.0,0.0,0.0,0.0
MYH7B,0.0,1.0,0.0,0.0,0.0,0.0
MYH9,0.0,1.0,0.0,0.0,0.0,0.0
MYL2,0.0,1.0,1.0,0.0,0.0,0.0
MYL3,0.0,1.0,0.0,0.0,0.0,0.0
MYL4,0.0,1.0,0.0,0.0,0.0,0.0
MYLK,0.0,1.0,0.0,0.0,0.0,0.0
MYLK2,0.0,1.0,0.0,0.0,0.0,0.0
MYLK3,0.0,1.0,0.0,0.0,0.0,0.0
MYNN,0.0,0.0,0.0,0.0,1.0,0.0
MYO16,0.0,0.0,0.0,1.0,0.0,0.0
MYO18B,0.0,1.0,0.0,0.0,0.0,0.0
MYO1B,0.0,0.0,0.0,0.0,0.0,1.0
MYO5C,0.0,0.0,0.0,1.0,0.0,0.0
MYO6,0.0,1.0,0.0,0.0,0.0,0.0
MYO9B,1.0,1.0,0.0,0.0,0.0,0.0
MYOCD,0.0,1.0,0.0,0.0,0.0,0.0
MYOM1,0.0,1.0,0.0,0.0,0.0,0.0
MYOZ2,0.0,1.0,0.0,0.0,0.0,0.0
MYPN,0.0,1.0,0.0,0.0,0.0,0.0
MYRF,0.0,1.0,0.0,0.0,0.0,0.0
MYT1L,0.0,1.0,0.0,0.0,0.0,0.0
MYZAP,0.0,1.0,0.0,0.0,0.0,0.0
N4BP2L2,0.0,1.0,1.0,0.0,0.0,0.0
NAA16,0.0,1.0,0.0,0.0,0.0,0.0
NAA38,0.0,1.0,0.0,0.0,0.0,0.0
NAB1,0.0,0.0,0.0,0.0,0.0,1.0
NADK2,0.0,0.0,0.0,1.0,0.0,0.0
NADSYN1,0.0,1.0,0.0,0.0,0.0,0.0
NAGPA,0.0,1.0,0.0,0.0,0.0,0.0
NAPEPLD,0.0,0.0,0.0,1.0,0.0,0.0
NARS2,0.0,0.0,0.0,1.0,0.0,0.0
NAT2,0.0,1.0,1.0,0.0,0.0,0.0
NAV2,0.0,1.0,0.0,0.0,0.0,0.0
NBN,0.0,0.0,0.0,0.0,1.0,0.0
NCALD,0.0,1.0,1.0,0.0,0.0,0.0
NCAM1,0.0,1.0,0.0,0.0,0.0,0.0
NCAM2,0.0,1.0,0.0,0.0,0.0,0.0
NCAN,0.0,0.0,0.0,1.0,0.0,0.0
NCAPH2,0.0,1.0,0.0,0.0,0.0,0.0
NCF1,0.0,1.0,0.0,0.0,0.0,0.0
NCF2,0.0,0.0,0.0,0.0,0.0,1.0
NCF4,1.0,0.0,0.0,0.0,0.0,0.0
NCK1,0.0,0.0,0.0,0.0,1.0,0.0
NCOA7,0.0,1.0,0.0,1.0,0.0,0.0
NCOR1,0.0,1.0,0.0,0.0,0.0,0.0
NCOR2,0.0,1.0,0.0,0.0,0.0,0.0
NCR3LG1,0.0,1.0,0.0,1.0,0.0,0.0
NDE1,0.0,1.0,0.0,0.0,0.0,0.0
NDFIP1,1.0,0.0,0.0,0.0,0.0,1.0
NDUFA12,0.0,1.0,1.0,0.0,0.0,0.0
NDUFA13,0.0,1.0,0.0,0.0,0.0,0.0
NDUFAF6,0.0,1.0,0.0,1.0,0.0,0.0
NDUFB11,0.0,1.0,0.0,0.0,0.0,0.0
NDUFB7,0.0,1.0,0.0,0.0,0.0,0.0
NDUFB9,0.0,1.0,0.0,0.0,0.0,0.0
NDUFS1,0.0,1.0,0.0,0.0,0.0,0.0
NDUFS2,0.0,1.0,0.0,0.0,0.0,0.0
NEBL,0.0,1.0,1.0,0.0,0.0,0.0
NECAB2,0.0,0.0,0.0,0.0,0.0,1.0
NEGR1,1.0,1.0,1.0,1.0,0.0,0.0
NEK6,1.0,0.0,0.0,0.0,0.0,0.0
NEK7,0.0,1.0,0.0,0.0,0.0,0.0
NEK9,0.0,1.0,1.0,0.0,0.0,0.0
NELFE,0.0,0.0,0.0,0.0,0.0,1.0
NELL1,0.0,0.0,0.0,1.0,0.0,0.0
NEMP2,0.0,1.0,0.0,0.0,0.0,0.0
NEURL1,0.0,1.0,0.0,0.0,0.0,0.0
NEUROD1,0.0,0.0,0.0,1.0,0.0,0.0
NEUROG3,0.0,0.0,0.0,1.0,0.0,0.0
NEXN,0.0,1.0,0.0,0.0,0.0,0.0
NF1,0.0,1.0,0.0,1.0,0.0,0.0
NFAT5,0.0,1.0,0.0,1.0,0.0,0.0
NFATC1,0.0,0.0,0.0,1.0,0.0,1.0
NFATC2,1.0,1.0,0.0,1.0,0.0,0.0
NFIB,0.0,0.0,0.0,1.0,0.0,0.0
NFKB1,1.0,0.0,0.0,1.0,0.0,1.0
NFKBIA,1.0,1.0,0.0,1.0,0.0,1.0
NFKBIE,0.0,0.0,0.0,0.0,1.0,1.0
NFKBIL1,0.0,0.0,0.0,0.0,0.0,1.0
NFKBIZ,0.0,0.0,0.0,1.0,0.0,0.0
NGF,0.0,1.0,1.0,0.0,0.0,0.0
NHERF2,0.0,1.0,0.0,0.0,0.0,0.0
NHLRC2,0.0,1.0,0.0,0.0,0.0,0.0
NHSL1,0.0,0.0,0.0,1.0,0.0,0.0
NIFK,0.0,1.0,0.0,0.0,0.0,0.0
NINJ2,0.0,1.0,0.0,0.0,0.0,0.0
NKX2-2,0.0,0.0,0.0,1.0,0.0,0.0
NKX2-3,0.0,0.0,0.0,1.0,0.0,1.0
NKX2-5,0.0,1.0,0.0,0.0,0.0,0.0
NKX2-6,0.0,1.0,0.0,0.0,0.0,0.0
NKX6-1,0.0,0.0,0.0,1.0,0.0,0.0
NKX6-3,0.0,0.0,0.0,1.0,0.0,0.0
NLGN1,0.0,0.0,0.0,1.0,0.0,0.0
NLRP3,0.0,1.0,0.0,0.0,0.0,0.0
NMB,0.0,1.0,0.0,0.0,0.0,0.0
NME7,0.0,1.0,0.0,0.0,0.0,0.0
NMI,0.0,0.0,0.0,1.0,0.0,0.0
NMUR2,0.0,1.0,0.0,0.0,0.0,0.0
NOD2,1.0,1.0,0.0,1.0,0.0,1.0
NODAL,0.0,1.0,0.0,0.0,0.0,0.0
NOL4,0.0,0.0,0.0,1.0,0.0,0.0
NONO,0.0,1.0,0.0,0.0,0.0,0.0
NOP58,0.0,1.0,0.0,0.0,0.0,0.0
NOS1,0.0,0.0,0.0,1.0,0.0,0.0
NOS1AP,0.0,1.0,0.0,0.0,0.0,0.0
NOS2,0.0,0.0,0.0,1.0,0.0,1.0
NOS3,0.0,1.0,1.0,0.0,0.0,0.0
NOTCH1,0.0,1.0,0.0,0.0,1.0,0.0
NOTCH2,0.0,1.0,0.0,1.0,0.0,0.0
NOTCH3,0.0,1.0,0.0,0.0,0.0,0.0
NOTCH4,1.0,0.0,0.0,0.0,0.0,0.0
NOX4,0.0,1.0,0.0,0.0,0.0,0.0
NPAS2,0.0,1.0,0.0,0.0,0.0,0.0
NPC1,0.0,1.0,0.0,1.0,0.0,0.0
NPC1L1,0.0,1.0,0.0,0.0,0.0,0.0
NPC2,0.0,0.0,0.0,1.0,0.0,0.0
NPEPPS,0.0,0.0,0.0,0.0,0.0,1.0
NPNT,1.0,1.0,0.0,0.0,0.0,0.0
NPPA,0.0,1.0,0.0,0.0,0.0,0.0
NPR1,0.0,1.0,0.0,0.0,0.0,0.0
NPR3,0.0,1.0,0.0,0.0,0.0,0.0
NPSR1,1.0,0.0,0.0,0.0,0.0,0.0
NR0B1,0.0,1.0,0.0,0.0,0.0,0.0
NR1D2,0.0,1.0,0.0,0.0,0.0,0.0
NR2C1,0.0,1.0,1.0,0.0,0.0,0.0
NR2F2,0.0,1.0,0.0,0.0,0.0,0.0
NR3C1,0.0,1.0,0.0,0.0,0.0,0.0
NR4A3,0.0,0.0,0.0,1.0,0.0,0.0
NR5A1,0.0,1.0,0.0,0.0,0.0,0.0
NR5A2,0.0,0.0,0.0,1.0,0.0,1.0
NRAP,0.0,1.0,0.0,0.0,0.0,0.0
NRAS,0.0,1.0,0.0,0.0,0.0,0.0
NRBF2,0.0,0.0,0.0,1.0,0.0,0.0
NRG3,0.0,1.0,0.0,1.0,0.0,0.0
NRIP1,0.0,1.0,0.0,0.0,0.0,0.0
NRP1,0.0,1.0,0.0,1.0,0.0,0.0
NRROS,1.0,0.0,0.0,0.0,0.0,0.0
NRXN3,0.0,0.0,0.0,1.0,0.0,0.0
NSD1,0.0,1.0,0.0,0.0,0.0,0.0
NSD2,0.0,1.0,0.0,0.0,0.0,0.0
NSMCE1,0.0,1.0,0.0,0.0,0.0,0.0
NSUN3,1.0,0.0,0.0,1.0,0.0,0.0
NT5C2,0.0,1.0,0.0,0.0,0.0,0.0
NT5E,0.0,1.0,0.0,0.0,0.0,0.0
NTAN1,0.0,0.0,0.0,1.0,0.0,0.0
NTMT2,0.0,1.0,0.0,0.0,0.0,0.0
NUAK1,0.0,0.0,0.0,1.0,0.0,0.0
NUCKS1,0.0,1.0,0.0,0.0,0.0,0.0
NUDT5,0.0,0.0,0.0,1.0,0.0,0.0
NUGGC,0.0,1.0,0.0,0.0,0.0,0.0
NUMB,0.0,1.0,0.0,0.0,0.0,0.0
NUP133,0.0,0.0,0.0,1.0,0.0,0.0
NUP155,0.0,1.0,0.0,0.0,0.0,0.0
NUS1,0.0,0.0,0.0,1.0,0.0,0.0
NXPE1,0.0,0.0,0.0,0.0,0.0,1.0
NYAP2,0.0,0.0,0.0,1.0,0.0,0.0
NYNRIN,0.0,0.0,0.0,1.0,0.0,0.0
OAS1,0.0,1.0,0.0,1.0,1.0,0.0
OAS3,0.0,1.0,0.0,1.0,0.0,0.0
OASL,0.0,0.0,0.0,1.0,0.0,0.0
OAT,0.0,1.0,0.0,0.0,0.0,0.0
OCIAD2,0.0,0.0,0.0,1.0,0.0,0.0
ODAD2,0.0,1.0,0.0,0.0,0.0,0.0
ODF1,0.0,0.0,0.0,0.0,1.0,0.0
OGFRL1,0.0,1.0,0.0,0.0,0.0,0.0
OIT3,0.0,1.0,1.0,0.0,0.0,0.0
OLFML2A,0.0,1.0,0.0,0.0,0.0,0.0
OLIG3,1.0,0.0,0.0,0.0,0.0,1.0
OLR1,0.0,1.0,0.0,0.0,0.0,0.0
ONECUT1,0.0,0.0,0.0,1.0,0.0,0.0
OPCML,0.0,0.0,0.0,1.0,0.0,0.0
OPN1SW,0.0,1.0,0.0,0.0,0.0,0.0
OPRL1,0.0,1.0,0.0,0.0,0.0,0.0
OPRM1,0.0,0.0,0.0,0.0,1.0,0.0
OPTC,0.0,0.0,0.0,1.0,0.0,0.0
OR10AD1,0.0,1.0,0.0,0.0,0.0,0.0
OR4A47,0.0,1.0,0.0,0.0,0.0,0.0
OR4A5,0.0,1.0,0.0,0.0,0.0,0.0
OR4C12,0.0,1.0,0.0,0.0,0.0,0.0
OR5B3,0.0,0.0,0.0,1.0,0.0,0.0
ORAI2,0.0,0.0,0.0,1.0,0.0,0.0
OSBPL7,0.0,0.0,0.0,1.0,0.0,0.0
OSGIN1,0.0,0.0,0.0,1.0,0.0,0.0
OSM,0.0,1.0,0.0,0.0,0.0,0.0
OSMR,0.0,1.0,0.0,1.0,0.0,1.0
OTOGL,0.0,1.0,0.0,0.0,0.0,0.0
OTULIN,1.0,0.0,0.0,1.0,0.0,0.0
OTULINL,1.0,0.0,0.0,1.0,0.0,0.0
OVOL1,1.0,1.0,0.0,0.0,0.0,0.0
OXCT2,0.0,0.0,0.0,1.0,0.0,0.0
OXER1,0.0,1.0,0.0,0.0,0.0,0.0
P2RY1,0.0,0.0,0.0,1.0,0.0,0.0
P2RY10,0.0,0.0,0.0,0.0,0.0,1.0
P4HA2,0.0,1.0,0.0,0.0,0.0,0.0
PABPC4,0.0,1.0,0.0,1.0,0.0,0.0
PACRG,0.0,1.0,0.0,0.0,0.0,0.0
PACS1,0.0,1.0,0.0,0.0,0.0,0.0
PADI2,0.0,0.0,0.0,0.0,0.0,1.0
PADI4,0.0,0.0,0.0,0.0,0.0,1.0
PADI6,0.0,1.0,0.0,0.0,0.0,0.0
PAK2,0.0,1.0,0.0,0.0,0.0,0.0
PALLD,0.0,1.0,1.0,0.0,0.0,0.0
PALM2AKAP2,0.0,1.0,0.0,0.0,0.0,0.0
PALMD,0.0,1.0,0.0,0.0,0.0,0.0
PAM,0.0,0.0,0.0,1.0,0.0,0.0
PAPOLG,1.0,0.0,0.0,0.0,0.0,0.0
PAPPA,0.0,1.0,0.0,0.0,0.0,0.0
PAQR5,0.0,1.0,0.0,0.0,0.0,0.0
PARD3B,0.0,0.0,0.0,1.0,0.0,0.0
PARK7,0.0,0.0,0.0,0.0,0.0,1.0
PARP12,0.0,1.0,1.0,0.0,0.0,0.0
PARP8,0.0,0.0,0.0,1.0,0.0,0.0
PARVB,1.0,0.0,0.0,0.0,0.0,0.0
PAWR,0.0,1.0,0.0,0.0,0.0,0.0
PAX2,0.0,1.0,0.0,0.0,0.0,0.0
PAX4,0.0,0.0,0.0,1.0,0.0,0.0
PAX6,0.0,1.0,0.0,1.0,0.0,0.0
PCBD1,0.0,0.0,0.0,1.0,0.0,0.0
PCCA,0.0,1.0,0.0,0.0,0.0,0.0
PCCB,0.0,1.0,0.0,0.0,0.0,0.0
PCDH12,0.0,1.0,0.0,0.0,0.0,0.0
PCDH17,0.0,0.0,0.0,1.0,0.0,0.0
PCDH18,0.0,1.0,0.0,0.0,0.0,0.0
PCGF3,0.0,0.0,0.0,1.0,0.0,0.0
PCM1,0.0,1.0,0.0,0.0,0.0,0.0
PCNT,0.0,0.0,0.0,1.0,0.0,0.0
PCNX1,0.0,1.0,0.0,0.0,0.0,0.0
PCSK1,0.0,0.0,0.0,1.0,0.0,0.0
PCSK6,0.0,1.0,1.0,1.0,0.0,0.0
PCSK9,0.0,1.0,1.0,1.0,0.0,0.0
PDCD10,0.0,1.0,0.0,0.0,0.0,0.0
PDCD4,0.0,0.0,0.0,1.0,0.0,0.0
PDE10A,0.0,1.0,0.0,0.0,0.0,0.0
PDE1A,0.0,1.0,0.0,0.0,0.0,0.0
PDE2A,0.0,0.0,0.0,0.0,0.0,1.0
PDE3A,0.0,1.0,1.0,1.0,0.0,0.0
PDE4D,1.0,0.0,0.0,0.0,0.0,0.0
PDE8A,0.0,1.0,0.0,0.0,0.0,0.0
PDE8B,0.0,0.0,0.0,1.0,0.0,0.0
PDE9A,0.0,1.0,0.0,0.0,0.0,0.0
PDGFB,0.0,0.0,0.0,0.0,0.0,1.0
PDGFC,0.0,1.0,0.0,1.0,0.0,0.0
PDGFD,0.0,0.0,0.0,1.0,0.0,0.0
PDGFRA,0.0,1.0,0.0,0.0,0.0,0.0
PDHX,0.0,0.0,0.0,1.0,0.0,0.0
PDIA2,0.0,1.0,0.0,0.0,0.0,0.0
PDILT,0.0,1.0,0.0,1.0,0.0,0.0
PDLIM3,0.0,0.0,0.0,1.0,0.0,0.0
PDLIM5,0.0,1.0,0.0,0.0,0.0,0.0
PDS5B,0.0,1.0,1.0,0.0,0.0,0.0
PDX1,0.0,0.0,0.0,1.0,0.0,0.0
PDZD8,0.0,1.0,0.0,0.0,0.0,0.0
PDZRN4,0.0,0.0,0.0,1.0,0.0,0.0
PEAK1,0.0,0.0,0.0,1.0,0.0,0.0
PECAM1,0.0,1.0,1.0,0.0,0.0,0.0
PELO,0.0,0.0,0.0,1.0,0.0,0.0
PEMT,0.0,1.0,0.0,0.0,0.0,0.0
PENK,0.0,0.0,0.0,1.0,0.0,0.0
PEPD,0.0,1.0,0.0,1.0,0.0,0.0
PEX14,1.0,0.0,0.0,0.0,0.0,0.0
PEX2,0.0,1.0,0.0,0.0,0.0,0.0
PEX26,0.0,1.0,0.0,0.0,0.0,0.0
PFKFB3,0.0,0.0,0.0,1.0,0.0,1.0
PFKL,0.0,0.0,0.0,1.0,0.0,0.0
PGBD1,0.0,1.0,0.0,0.0,0.0,0.0
PGM1,0.0,1.0,0.0,1.0,0.0,0.0
PGPEP1,0.0,1.0,0.0,0.0,0.0,0.0
PGRMC2,0.0,0.0,0.0,1.0,0.0,0.0
PHACTR1,0.0,1.0,1.0,1.0,0.0,0.0
PHACTR2,1.0,0.0,0.0,0.0,0.0,0.0
PHACTR3,0.0,0.0,0.0,0.0,0.0,1.0
PHB1,1.0,1.0,1.0,0.0,0.0,0.0
PHF13,0.0,1.0,0.0,1.0,0.0,0.0
PHF2,0.0,0.0,0.0,1.0,0.0,0.0
PHF21A,0.0,1.0,0.0,0.0,0.0,0.0
PHIP,0.0,1.0,0.0,0.0,0.0,0.0
PHLDA1,0.0,1.0,0.0,0.0,0.0,0.0
PHLDB2,0.0,1.0,0.0,0.0,0.0,0.0
PHTF1,0.0,1.0,0.0,1.0,0.0,1.0
PHTF2,0.0,1.0,0.0,0.0,0.0,0.0
PI16,0.0,0.0,0.0,1.0,0.0,0.0
PID1,0.0,1.0,1.0,0.0,0.0,0.0
PIEZO1,0.0,1.0,0.0,0.0,0.0,0.0
PIEZO2,0.0,1.0,0.0,0.0,0.0,0.0
PIGC,0.0,0.0,0.0,1.0,0.0,0.0
PIGL,0.0,1.0,0.0,0.0,0.0,0.0
PIGX,1.0,0.0,0.0,0.0,0.0,0.0
PIK3C2B,0.0,1.0,0.0,0.0,0.0,0.0
PIK3C3,1.0,0.0,0.0,0.0,0.0,0.0
PIK3CA,0.0,1.0,0.0,0.0,0.0,0.0
PIK3CG,0.0,1.0,1.0,0.0,0.0,0.0
PIK3R1,0.0,1.0,0.0,1.0,0.0,0.0
PIM3,0.0,0.0,0.0,1.0,0.0,0.0
PIP4K2A,0.0,0.0,0.0,0.0,1.0,0.0
PIRT,0.0,1.0,0.0,0.0,0.0,0.0
PITPNC1,0.0,0.0,0.0,1.0,0.0,0.0
PITPNM3,0.0,1.0,0.0,0.0,0.0,0.0
PITX1,0.0,1.0,0.0,0.0,0.0,0.0
PITX2,0.0,1.0,0.0,0.0,0.0,0.0
PKD1,0.0,1.0,0.0,1.0,0.0,0.0
PKD1L1,0.0,1.0,0.0,0.0,0.0,0.0
PKD2,0.0,1.0,0.0,0.0,0.0,0.0
PKD2L1,0.0,1.0,1.0,0.0,0.0,0.0
PKDCC,0.0,0.0,0.0,0.0,0.0,1.0
PKHD1,0.0,1.0,0.0,1.0,0.0,0.0
PKP2,0.0,1.0,0.0,1.0,0.0,0.0
PKP4,0.0,1.0,0.0,0.0,0.0,0.0
PLA2R1,0.0,1.0,0.0,0.0,0.0,0.0
PLAGL1,1.0,0.0,0.0,1.0,0.0,0.0
PLAU,0.0,0.0,0.0,0.0,0.0,1.0
PLCB1,0.0,1.0,0.0,0.0,0.0,0.0
PLCB3,0.0,0.0,0.0,1.0,0.0,0.0
PLCD3,0.0,1.0,0.0,0.0,0.0,0.0
PLCE1,0.0,1.0,0.0,0.0,0.0,0.0
PLCG1,0.0,1.0,1.0,1.0,0.0,0.0
PLCG2,0.0,1.0,1.0,0.0,0.0,0.0
PLCH1,0.0,1.0,0.0,0.0,0.0,0.0
PLCL1,1.0,1.0,1.0,0.0,0.0,1.0
PLCL2,1.0,1.0,0.0,1.0,0.0,1.0
PLCXD2,0.0,1.0,0.0,0.0,0.0,0.0
PLD4,0.0,0.0,0.0,0.0,0.0,1.0
PLEC,0.0,1.0,0.0,0.0,0.0,0.0
PLEK,0.0,1.0,0.0,0.0,0.0,0.0
PLEKHA1,0.0,1.0,0.0,1.0,0.0,0.0
PLEKHA3,0.0,1.0,0.0,0.0,0.0,0.0
PLEKHG1,0.0,1.0,1.0,0.0,0.0,0.0
PLEKHH2,0.0,0.0,0.0,1.0,0.0,0.0
PLEKHM1,0.0,0.0,0.0,1.0,0.0,0.0
PLEKHM3,0.0,0.0,0.0,1.0,0.0,0.0
PLEKHO2,0.0,1.0,0.0,0.0,0.0,0.0
PLG,0.0,1.0,1.0,0.0,0.0,0.0
PLN,0.0,1.0,0.0,0.0,0.0,0.0
PLOD1,0.0,1.0,0.0,0.0,0.0,0.0
PLPP3,0.0,1.0,1.0,0.0,0.0,0.0
PLTP,0.0,1.0,1.0,0.0,0.0,0.0
PLXDC2,0.0,1.0,0.0,0.0,0.0,0.0
PLXNA2,0.0,1.0,0.0,0.0,0.0,0.0
PLXNB2,0.0,1.0,0.0,0.0,0.0,0.0
PLXNC1,1.0,0.0,0.0,0.0,0.0,0.0
PLXND1,0.0,0.0,0.0,1.0,0.0,0.0
PMAIP1,0.0,1.0,0.0,1.0,1.0,0.0
PMF1,0.0,1.0,0.0,0.0,0.0,0.0
PMF1-BGLAP,0.0,1.0,0.0,0.0,0.0,0.0
PML,0.0,0.0,0.0,1.0,0.0,0.0
PMM2,0.0,0.0,0.0,1.0,0.0,0.0
PMPCA,0.0,1.0,0.0,0.0,0.0,0.0
PMS2,0.0,1.0,0.0,0.0,0.0,0.0
PNO1,0.0,1.0,0.0,0.0,0.0,0.0
PNOC,0.0,0.0,0.0,1.0,0.0,0.0
PNPLA2,0.0,1.0,0.0,0.0,0.0,0.0
PNPLA3,0.0,1.0,0.0,1.0,0.0,0.0
POC1B,0.0,1.0,1.0,0.0,0.0,0.0
POC1B-GALNT4,0.0,1.0,0.0,0.0,0.0,0.0
POC5,0.0,1.0,0.0,1.0,0.0,0.0
POF1B,0.0,1.0,0.0,0.0,0.0,0.0
POLD2,0.0,0.0,0.0,1.0,0.0,0.0
POLG,0.0,1.0,0.0,0.0,0.0,0.0
POLI,1.0,0.0,0.0,0.0,0.0,0.0
POLR1F,0.0,1.0,0.0,0.0,0.0,0.0
POLR3A,0.0,1.0,0.0,0.0,0.0,0.0
POLR3H,0.0,1.0,0.0,0.0,0.0,0.0
PON1,0.0,1.0,0.0,0.0,0.0,0.0
POSTN,0.0,1.0,0.0,0.0,0.0,0.0
POT1,0.0,0.0,0.0,0.0,1.0,0.0
POU2F1,1.0,0.0,0.0,0.0,0.0,0.0
POU3F1,0.0,0.0,0.0,0.0,0.0,1.0
POU3F3,0.0,0.0,0.0,1.0,0.0,0.0
POU5F1,0.0,0.0,0.0,1.0,0.0,0.0
POU5F1B,0.0,1.0,0.0,1.0,1.0,0.0
PPA2,0.0,1.0,0.0,0.0,0.0,0.0
PPARG,0.0,0.0,0.0,1.0,0.0,0.0
PPARGC1A,0.0,1.0,0.0,0.0,0.0,0.0
PPCS,0.0,1.0,0.0,0.0,0.0,0.0
PPFIA4,0.0,1.0,0.0,0.0,0.0,0.0
PPIF,0.0,0.0,0.0,1.0,0.0,1.0
PPIP5K2,0.0,0.0,0.0,1.0,0.0,0.0
PPM1G,0.0,1.0,0.0,0.0,0.0,0.0
PPOX,0.0,1.0,0.0,0.0,0.0,0.0
PPP1CB,0.0,1.0,0.0,0.0,0.0,0.0
PPP1R12A,0.0,1.0,0.0,0.0,0.0,0.0
PPP1R13L,0.0,1.0,0.0,0.0,0.0,0.0
PPP1R1C,0.0,1.0,0.0,0.0,0.0,0.0
PPP1R3A,0.0,0.0,0.0,1.0,0.0,0.0
PPP2R2A,0.0,1.0,0.0,1.0,0.0,0.0
PPP2R2B,0.0,1.0,0.0,0.0,0.0,0.0
PPP2R2C,0.0,0.0,0.0,1.0,0.0,0.0
PPP2R3A,0.0,0.0,0.0,1.0,0.0,0.0
PPP3R1,0.0,1.0,0.0,0.0,0.0,0.0
PPP4R3A,0.0,0.0,0.0,1.0,0.0,0.0
PPP5C,0.0,0.0,0.0,0.0,0.0,1.0
PRC1,0.0,0.0,0.0,1.0,0.0,0.0
PRDM1,1.0,1.0,0.0,0.0,0.0,1.0
PRDM11,1.0,0.0,0.0,0.0,0.0,0.0
PRDM16,0.0,1.0,0.0,0.0,0.0,0.0
PRDM5,0.0,0.0,0.0,1.0,0.0,0.0
PRDM6,0.0,1.0,0.0,0.0,0.0,0.0
PRDM8,0.0,1.0,0.0,0.0,0.0,0.0
PRDX6,0.0,0.0,0.0,0.0,0.0,1.0
PRELP,0.0,0.0,0.0,1.0,0.0,0.0
PREX1,0.0,1.0,1.0,0.0,0.0,0.0
PREX2,0.0,1.0,0.0,0.0,0.0,0.0
PRF1,0.0,0.0,0.0,1.0,0.0,0.0
PRICKLE1,0.0,0.0,0.0,1.0,0.0,0.0
PRICKLE3,0.0,1.0,0.0,0.0,0.0,0.0
PRIM1,0.0,0.0,0.0,1.0,0.0,0.0
PRIM2,0.0,1.0,1.0,0.0,0.0,0.0
PRIMPOL,0.0,1.0,0.0,0.0,0.0,0.0
PRKACA,0.0,1.0,0.0,0.0,0.0,0.0
PRKACB,0.0,1.0,0.0,0.0,0.0,0.0
PRKAG2,0.0,1.0,0.0,0.0,0.0,0.0
PRKAR1A,0.0,1.0,0.0,0.0,0.0,0.0
PRKCA,0.0,1.0,0.0,0.0,0.0,0.0
PRKCB,0.0,0.0,0.0,0.0,0.0,1.0
PRKCE,0.0,1.0,1.0,0.0,0.0,0.0
PRKCH,1.0,1.0,0.0,0.0,0.0,1.0
PRKCQ,1.0,1.0,0.0,1.0,0.0,1.0
PRKD1,0.0,0.0,0.0,1.0,0.0,0.0
PRKD2,0.0,0.0,0.0,1.0,0.0,0.0
PRKD3,0.0,1.0,0.0,0.0,0.0,0.0
PRKG1,0.0,1.0,0.0,0.0,0.0,0.0
PRKN,0.0,1.0,0.0,0.0,0.0,0.0
PRL,0.0,1.0,0.0,0.0,0.0,0.0
PRNP,0.0,1.0,0.0,0.0,0.0,0.0
PROC,1.0,1.0,0.0,0.0,0.0,0.0
PROCR,0.0,1.0,1.0,0.0,0.0,0.0
PROS1,0.0,1.0,0.0,0.0,0.0,0.0
PROX1,0.0,1.0,0.0,1.0,0.0,0.0
PRPH2,0.0,1.0,0.0,0.0,0.0,0.0
PRR11,0.0,0.0,0.0,1.0,0.0,0.0
PRR14L,0.0,0.0,0.0,1.0,0.0,0.0
PRR15L,0.0,0.0,0.0,1.0,0.0,0.0
PRR5L,1.0,0.0,0.0,0.0,0.0,0.0
PRRT2,0.0,1.0,0.0,0.0,0.0,0.0
PRRX1,0.0,1.0,0.0,0.0,0.0,0.0
PRSS23,0.0,1.0,0.0,0.0,0.0,0.0
PSAT1,0.0,1.0,0.0,1.0,0.0,0.0
PSEN1,0.0,1.0,0.0,0.0,0.0,0.0
PSEN2,0.0,1.0,0.0,0.0,0.0,0.0
PSMA6,0.0,1.0,0.0,0.0,0.0,0.0
PSMB7,0.0,1.0,0.0,0.0,0.0,0.0
PSMC3,0.0,1.0,0.0,0.0,0.0,0.0
PSMD12,0.0,1.0,0.0,0.0,0.0,0.0
PSMD6,0.0,0.0,0.0,1.0,0.0,0.0
PSMG1,0.0,1.0,0.0,0.0,0.0,1.0
PSORS1C1,0.0,1.0,0.0,0.0,0.0,0.0
PSRC1,0.0,1.0,1.0,1.0,0.0,0.0
PSTPIP1,0.0,1.0,0.0,0.0,0.0,0.0
PTCH1,1.0,0.0,0.0,1.0,0.0,0.0
PTDSS1,0.0,1.0,0.0,1.0,0.0,0.0
PTEN,0.0,1.0,0.0,1.0,0.0,0.0
PTF1A,0.0,0.0,0.0,1.0,0.0,0.0
PTGES,1.0,0.0,0.0,0.0,0.0,0.0
PTGFRN,0.0,0.0,0.0,1.0,0.0,0.0
PTGIS,0.0,1.0,0.0,0.0,0.0,0.0
PTH1R,0.0,0.0,0.0,1.0,0.0,0.0
PTK2,0.0,1.0,0.0,0.0,0.0,0.0
PTK2B,0.0,1.0,0.0,0.0,0.0,0.0
PTN,0.0,1.0,0.0,0.0,0.0,0.0
PTP4A1,1.0,0.0,0.0,1.0,0.0,0.0
PTPDC1,0.0,0.0,0.0,1.0,0.0,0.0
PTPN11,0.0,1.0,0.0,0.0,0.0,0.0
PTPN14,0.0,1.0,0.0,0.0,0.0,0.0
PTPN2,0.0,0.0,0.0,1.0,0.0,1.0
PTPN22,0.0,1.0,0.0,1.0,0.0,1.0
PTPN9,0.0,0.0,0.0,1.0,0.0,0.0
PTPRC,1.0,0.0,0.0,1.0,0.0,1.0
PTPRJ,0.0,1.0,0.0,0.0,0.0,0.0
PTPRK,1.0,0.0,0.0,0.0,0.0,0.0
PTPRQ,0.0,1.0,0.0,1.0,0.0,0.0
PTPRR,0.0,0.0,0.0,1.0,0.0,0.0
PTPRT,0.0,1.0,1.0,0.0,0.0,0.0
PTTG1,1.0,0.0,0.0,0.0,0.0,0.0
PUF60,0.0,1.0,0.0,0.0,0.0,0.0
PURG,0.0,1.0,0.0,1.0,0.0,0.0
PUS1,0.0,0.0,0.0,1.0,0.0,0.0
PUS10,0.0,0.0,0.0,0.0,0.0,1.0
PUS3,0.0,1.0,0.0,0.0,0.0,0.0
PWWP2B,0.0,1.0,0.0,0.0,0.0,0.0
PXDNL,0.0,1.0,0.0,0.0,0.0,0.0
PXK,0.0,0.0,0.0,0.0,0.0,1.0
PYGL,0.0,0.0,0.0,0.0,1.0,0.0
PYHIN1,1.0,0.0,0.0,0.0,0.0,0.0
QKI,0.0,1.0,0.0,1.0,0.0,0.0
QPCT,0.0,0.0,0.0,0.0,1.0,0.0
QPCTL,0.0,1.0,0.0,0.0,0.0,0.0
QRFPR,0.0,0.0,0.0,1.0,0.0,0.0
QSER1,0.0,0.0,0.0,1.0,0.0,0.0
RAB12,0.0,1.0,1.0,1.0,0.0,0.0
RAB1A,0.0,1.0,0.0,1.0,0.0,0.0
RAB23,0.0,1.0,1.0,0.0,0.0,0.0
RAB31,0.0,0.0,0.0,1.0,0.0,0.0
RAB3C,0.0,0.0,0.0,1.0,0.0,0.0
RAB5B,0.0,0.0,0.0,1.0,0.0,0.0
RABEP1,0.0,0.0,0.0,0.0,0.0,1.0
RAD50,1.0,0.0,0.0,0.0,0.0,0.0
RAD51B,1.0,1.0,0.0,1.0,0.0,1.0
RAF1,1.0,1.0,0.0,0.0,0.0,0.0
RAI1,0.0,0.0,0.0,1.0,0.0,0.0
RALGPS1,0.0,1.0,0.0,0.0,0.0,0.0
RALY,0.0,0.0,0.0,1.0,0.0,0.0
RANBP3L,0.0,1.0,0.0,1.0,0.0,0.0
RANBP6,1.0,0.0,0.0,0.0,0.0,0.0
RAPGEF5,0.0,1.0,0.0,0.0,0.0,0.0
RASA1,0.0,1.0,0.0,1.0,0.0,0.0
RASA2,0.0,1.0,0.0,0.0,0.0,0.0
RASD1,0.0,0.0,0.0,1.0,0.0,0.0
RASGEF1A,1.0,0.0,0.0,0.0,0.0,0.0
RASGEF1B,0.0,1.0,1.0,0.0,0.0,0.0
RASGRP1,0.0,0.0,0.0,1.0,0.0,1.0
RBFOX1,0.0,1.0,0.0,0.0,0.0,0.0
RBL2,0.0,0.0,0.0,1.0,0.0,0.0
RBM10,0.0,1.0,0.0,0.0,0.0,0.0
RBM17,0.0,0.0,0.0,1.0,0.0,0.0
RBM20,0.0,1.0,0.0,0.0,0.0,0.0
RBMS1,0.0,0.0,0.0,1.0,0.0,0.0
RBMS3,0.0,0.0,0.0,1.0,0.0,0.0
RBPJ,0.0,0.0,0.0,1.0,0.0,1.0
RBPJL,0.0,0.0,0.0,1.0,0.0,0.0
RCAN1,0.0,0.0,0.0,0.0,0.0,1.0
RCBTB1,0.0,1.0,0.0,0.0,0.0,0.0
RCOR1,1.0,0.0,0.0,0.0,0.0,0.0
RDH14,0.0,0.0,0.0,1.0,0.0,0.0
RDX,0.0,1.0,1.0,0.0,0.0,1.0
REEP1,0.0,1.0,0.0,0.0,0.0,0.0
REEP3,0.0,1.0,0.0,0.0,0.0,0.0
REL,0.0,0.0,0.0,1.0,0.0,1.0
RELN,0.0,1.0,0.0,1.0,0.0,0.0
REPS1,0.0,0.0,0.0,1.0,0.0,0.0
RERE,1.0,1.0,0.0,0.0,0.0,0.0
RERGL,0.0,1.0,0.0,0.0,0.0,0.0
REST,0.0,1.0,1.0,0.0,0.0,0.0
REV3L,0.0,0.0,0.0,1.0,0.0,1.0
REXO1,0.0,1.0,0.0,0.0,0.0,0.0
RFLNA,0.0,1.0,0.0,1.0,0.0,0.0
RFX3,0.0,0.0,0.0,1.0,0.0,0.0
RFX6,0.0,0.0,0.0,1.0,0.0,0.0
RGL1,0.0,0.0,0.0,1.0,0.0,0.0
RGL3,0.0,1.0,0.0,0.0,0.0,0.0
RGMA,0.0,0.0,0.0,1.0,0.0,0.0
RGMB,0.0,1.0,0.0,0.0,0.0,0.0
RGS1,0.0,0.0,0.0,1.0,0.0,0.0
RGS17,0.0,0.0,0.0,1.0,0.0,0.0
RGS19,0.0,1.0,1.0,0.0,0.0,0.0
RGS5,0.0,1.0,0.0,0.0,0.0,0.0
RGS7,0.0,1.0,0.0,0.0,0.0,0.0
RGS7BP,0.0,1.0,0.0,0.0,0.0,0.0
RHO,0.0,1.0,0.0,0.0,0.0,0.0
RHOF,0.0,1.0,1.0,0.0,0.0,0.0
RHOU,0.0,0.0,0.0,0.0,1.0,0.0
RICTOR,0.0,0.0,0.0,1.0,0.0,0.0
RIGI,0.0,0.0,0.0,1.0,0.0,0.0
RIMKLB,0.0,1.0,0.0,0.0,0.0,0.0
RIMS1,0.0,1.0,0.0,0.0,0.0,0.0
RIN3,1.0,0.0,0.0,0.0,0.0,0.0
RIPK2,0.0,0.0,0.0,0.0,0.0,1.0
RIT1,0.0,1.0,0.0,0.0,0.0,0.0
RNASET2,0.0,0.0,0.0,1.0,0.0,0.0
RND3,0.0,0.0,0.0,1.0,0.0,0.0
RNF114,0.0,0.0,0.0,1.0,0.0,0.0
RNF126,0.0,1.0,0.0,0.0,0.0,0.0
RNF13,0.0,1.0,0.0,0.0,0.0,0.0
RNF144A,0.0,1.0,0.0,0.0,0.0,0.0
RNF144B,0.0,1.0,0.0,0.0,0.0,0.0
RNF186,0.0,0.0,0.0,0.0,0.0,1.0
RNF19A,0.0,0.0,0.0,0.0,0.0,1.0
RNF213,0.0,1.0,0.0,0.0,0.0,0.0
RNF220,0.0,1.0,0.0,0.0,0.0,0.0
RNF32,0.0,1.0,0.0,0.0,0.0,0.0
RNF39,0.0,1.0,0.0,0.0,0.0,0.0
RNF43,0.0,1.0,0.0,0.0,0.0,0.0
RNF44,0.0,1.0,0.0,0.0,0.0,0.0
RNF6,0.0,0.0,0.0,1.0,0.0,0.0
RNLS,0.0,0.0,0.0,1.0,0.0,0.0
ROBO1,0.0,1.0,0.0,0.0,0.0,0.0
ROBO2,0.0,0.0,0.0,1.0,0.0,0.0
ROBO4,0.0,1.0,0.0,0.0,0.0,0.0
RORA,1.0,1.0,0.0,1.0,0.0,0.0
RORC,1.0,0.0,0.0,0.0,0.0,1.0
RP1,0.0,1.0,0.0,0.0,0.0,0.0
RPGRIP1L,0.0,1.0,0.0,1.0,0.0,0.0
RPL3L,0.0,1.0,0.0,0.0,0.0,0.0
RPL5,0.0,1.0,0.0,0.0,0.0,0.0
RPLP1,0.0,0.0,0.0,0.0,0.0,1.0
RPRML,0.0,1.0,0.0,0.0,0.0,0.0
RPS26,0.0,0.0,0.0,1.0,0.0,0.0
RPS6KA1,0.0,0.0,0.0,1.0,0.0,0.0
RPS6KA2,0.0,1.0,0.0,0.0,0.0,0.0
RPS6KA3,0.0,1.0,0.0,0.0,0.0,0.0
RPS6KA4,0.0,0.0,0.0,1.0,0.0,0.0
RPS6KB1,0.0,0.0,0.0,0.0,1.0,1.0
RPS9,0.0,1.0,0.0,0.0,0.0,0.0
RPTOR,0.0,1.0,0.0,1.0,0.0,0.0
RRAGD,0.0,1.0,0.0,0.0,0.0,0.0
RRAS,0.0,1.0,0.0,0.0,0.0,0.0
RRAS2,0.0,1.0,0.0,0.0,0.0,0.0
RREB1,0.0,1.0,0.0,1.0,1.0,0.0
RRM2B,0.0,1.0,0.0,0.0,0.0,0.0
RRP1B,0.0,1.0,0.0,0.0,0.0,0.0
RSBN1,0.0,0.0,0.0,1.0,0.0,0.0
RSPO3,0.0,1.0,0.0,1.0,0.0,0.0
RTEL1,1.0,0.0,0.0,0.0,0.0,0.0
RTEL1-TNFRSF6B,1.0,0.0,0.0,0.0,0.0,0.0
RTKN2,0.0,1.0,0.0,0.0,0.0,1.0
RTL1,0.0,0.0,0.0,1.0,0.0,0.0
RUFY3,0.0,0.0,0.0,1.0,0.0,0.0
RUNX1,1.0,0.0,0.0,0.0,0.0,0.0
RUNX3,1.0,1.0,0.0,1.0,0.0,1.0
RXFP2,0.0,1.0,0.0,0.0,0.0,0.0
RYBP,1.0,0.0,0.0,0.0,0.0,0.0
RYK,0.0,1.0,0.0,0.0,0.0,0.0
RYR1,0.0,1.0,0.0,0.0,0.0,0.0
RYR2,0.0,1.0,0.0,0.0,0.0,0.0
S1PR2,0.0,1.0,0.0,0.0,0.0,0.0
SACS,0.0,1.0,0.0,0.0,0.0,0.0
SAMHD1,0.0,1.0,0.0,0.0,0.0,0.0
SARS1,0.0,1.0,0.0,0.0,0.0,0.0
SARS2,0.0,1.0,0.0,0.0,0.0,0.0
SASH1,0.0,0.0,0.0,1.0,0.0,0.0
SATB1,0.0,0.0,0.0,0.0,0.0,1.0
SAXO1,0.0,0.0,0.0,1.0,0.0,0.0
SAYSD1,0.0,1.0,0.0,0.0,0.0,0.0
SBF1,0.0,0.0,0.0,1.0,0.0,0.0
SBF2,0.0,1.0,0.0,1.0,0.0,0.0
SBNO2,1.0,0.0,0.0,1.0,0.0,0.0
SCAF8,1.0,0.0,0.0,0.0,0.0,0.0
SCAND3,1.0,0.0,0.0,0.0,0.0,0.0
SCARB1,0.0,1.0,1.0,0.0,0.0,0.0
SCARF1,0.0,1.0,0.0,0.0,0.0,0.0
SCARF2,0.0,0.0,0.0,1.0,0.0,0.0
SCD5,0.0,0.0,0.0,1.0,0.0,0.0
SCHIP1,0.0,1.0,0.0,0.0,0.0,0.0
SCMH1,0.0,1.0,0.0,0.0,0.0,0.0
SCML4,0.0,1.0,1.0,0.0,0.0,0.0
SCN10A,0.0,1.0,0.0,0.0,0.0,0.0
SCN1A,0.0,1.0,0.0,1.0,0.0,0.0
SCN1B,0.0,1.0,0.0,0.0,0.0,0.0
SCN2B,0.0,1.0,0.0,0.0,0.0,0.0
SCN3B,0.0,1.0,0.0,0.0,0.0,0.0
SCN4B,0.0,1.0,0.0,0.0,0.0,0.0
SCN5A,0.0,1.0,0.0,0.0,0.0,0.0
SCN9A,0.0,1.0,0.0,1.0,0.0,0.0
SCNN1A,0.0,1.0,0.0,0.0,0.0,0.0
SCO1,0.0,1.0,0.0,0.0,0.0,0.0
SCO2,0.0,1.0,0.0,0.0,0.0,0.0
SCUBE2,0.0,1.0,0.0,0.0,0.0,0.0
SDF2L1,0.0,0.0,0.0,0.0,0.0,1.0
SDHA,0.0,1.0,0.0,0.0,0.0,0.0
SDK2,0.0,1.0,0.0,0.0,0.0,0.0
SDR9C7,0.0,1.0,0.0,0.0,0.0,0.0
SEC16B,0.0,0.0,0.0,1.0,0.0,0.0
SEC23IP,0.0,0.0,0.0,1.0,0.0,0.0
SEC24C,0.0,1.0,0.0,0.0,0.0,0.0
SEC61A2,0.0,0.0,0.0,1.0,0.0,0.0
SEC61B,1.0,0.0,0.0,0.0,0.0,0.0
SELP,0.0,1.0,0.0,0.0,0.0,0.0
SEMA3A,0.0,1.0,0.0,0.0,0.0,0.0
SEMA3E,0.0,1.0,0.0,0.0,0.0,0.0
SEMA4F,0.0,0.0,0.0,1.0,0.0,0.0
SEMA5A,0.0,1.0,1.0,0.0,0.0,0.0
SEMA5B,0.0,1.0,1.0,1.0,0.0,0.0
SENP2,0.0,0.0,0.0,1.0,0.0,0.0
SENP6,0.0,0.0,0.0,1.0,0.0,0.0
SENP7,1.0,0.0,0.0,0.0,0.0,0.0
SEPTIN8,1.0,0.0,0.0,0.0,0.0,0.0
SEPTIN9,0.0,1.0,0.0,1.0,0.0,0.0
SERP2,0.0,1.0,0.0,0.0,0.0,0.0
SERPINA1,0.0,1.0,1.0,0.0,0.0,0.0
SERPINA11,0.0,1.0,0.0,0.0,0.0,0.0
SERPINB6,0.0,0.0,0.0,0.0,1.0,0.0
SERPINB7,1.0,0.0,0.0,0.0,0.0,0.0
SERPINC1,0.0,1.0,0.0,0.0,0.0,0.0
SERPING1,0.0,1.0,0.0,0.0,0.0,0.0
SERPINH1,0.0,1.0,1.0,0.0,0.0,0.0
SERPINI1,0.0,1.0,0.0,0.0,0.0,0.0
SERTAD2,0.0,1.0,0.0,0.0,0.0,0.0
SESN1,1.0,0.0,0.0,0.0,0.0,0.0
SETBP1,0.0,1.0,0.0,1.0,0.0,0.0
SETD1B,0.0,1.0,1.0,0.0,0.0,0.0
SETD4,0.0,1.0,0.0,0.0,0.0,0.0
SETD5,0.0,1.0,0.0,1.0,0.0,0.0
SETD9,0.0,1.0,1.0,1.0,0.0,0.0
SF3A3,0.0,1.0,1.0,0.0,0.0,0.0
SF3B1,0.0,0.0,0.0,0.0,1.0,0.0
SFI1,0.0,0.0,0.0,1.0,0.0,0.0
SFSWAP,0.0,1.0,0.0,0.0,0.0,0.0
SFTPC,0.0,1.0,0.0,0.0,0.0,0.0
SFTPD,0.0,0.0,0.0,0.0,0.0,1.0
SGCA,0.0,1.0,0.0,0.0,0.0,0.0
SGCB,0.0,1.0,0.0,0.0,0.0,0.0
SGCD,0.0,1.0,0.0,0.0,0.0,0.0
SGCG,0.0,1.0,0.0,1.0,0.0,0.0
SGCZ,0.0,0.0,0.0,1.0,0.0,0.0
SGIP1,0.0,0.0,0.0,1.0,0.0,0.0
SGK1,0.0,1.0,0.0,0.0,0.0,0.0
SH2B3,1.0,1.0,1.0,1.0,1.0,1.0
SH3BP4,1.0,0.0,0.0,0.0,0.0,0.0
SH3PXD2A,0.0,1.0,0.0,0.0,0.0,1.0
SH3TC2,0.0,1.0,0.0,0.0,0.0,0.0
SHC4,0.0,0.0,0.0,1.0,0.0,0.0
SHH,0.0,1.0,0.0,0.0,0.0,0.0
SHOC1,0.0,1.0,1.0,0.0,0.0,0.0
SHOC2,0.0,1.0,0.0,1.0,0.0,0.0
SHQ1,0.0,0.0,0.0,1.0,0.0,0.0
SHROOM3,0.0,1.0,1.0,1.0,0.0,0.0
SIDT1,0.0,0.0,0.0,1.0,0.0,0.0
SIK1,0.0,1.0,0.0,0.0,0.0,0.0
SIK2,1.0,0.0,0.0,0.0,0.0,0.0
SIK3,0.0,1.0,0.0,0.0,0.0,0.0
SINHCAF,0.0,0.0,0.0,1.0,0.0,0.0
SIPA1,0.0,1.0,1.0,0.0,0.0,0.0
SIPA1L1,0.0,1.0,0.0,0.0,0.0,0.0
SIPA1L2,0.0,1.0,0.0,0.0,0.0,0.0
SIRPG,0.0,0.0,0.0,1.0,0.0,0.0
SIX3,0.0,0.0,0.0,1.0,0.0,0.0
SIX4,0.0,0.0,0.0,1.0,0.0,0.0
SKAP2,0.0,0.0,0.0,1.0,0.0,1.0
SKI,0.0,1.0,1.0,0.0,0.0,0.0
SKOR1,0.0,0.0,0.0,1.0,0.0,0.0
SLC12A2,0.0,1.0,0.0,1.0,0.0,0.0
SLC12A8,0.0,0.0,0.0,1.0,0.0,0.0
SLC15A2,1.0,0.0,0.0,0.0,0.0,0.0
SLC16A1,0.0,1.0,0.0,0.0,0.0,0.0
SLC16A11,0.0,0.0,0.0,1.0,0.0,0.0
SLC16A13,0.0,0.0,0.0,1.0,0.0,0.0
SLC17A1,0.0,1.0,0.0,0.0,0.0,1.0
SLC17A2,0.0,0.0,0.0,0.0,0.0,1.0
SLC17A3,0.0,1.0,0.0,0.0,0.0,0.0
SLC17A6,0.0,1.0,0.0,0.0,0.0,0.0
SLC18A1,0.0,1.0,1.0,0.0,0.0,0.0
SLC19A2,0.0,1.0,0.0,0.0,0.0,0.0
SLC1A2,0.0,0.0,0.0,1.0,0.0,0.0
SLC1A4,0.0,1.0,0.0,0.0,0.0,0.0
SLC22A1,0.0,1.0,1.0,0.0,0.0,0.0
SLC22A2,0.0,0.0,0.0,1.0,0.0,0.0
SLC22A3,0.0,1.0,1.0,1.0,0.0,0.0
SLC22A4,1.0,1.0,1.0,0.0,0.0,1.0
SLC22A5,0.0,1.0,0.0,0.0,0.0,0.0
SLC24A3,0.0,1.0,0.0,0.0,0.0,0.0
SLC24A4,0.0,0.0,0.0,0.0,1.0,0.0
SLC25A21,0.0,0.0,0.0,1.0,0.0,0.0
SLC25A26,0.0,1.0,0.0,0.0,0.0,0.0
SLC25A3,0.0,1.0,0.0,0.0,0.0,0.0
SLC25A32,0.0,1.0,0.0,0.0,0.0,0.0
SLC25A35,0.0,1.0,0.0,0.0,0.0,0.0
SLC25A37,0.0,1.0,0.0,1.0,0.0,0.0
SLC25A4,0.0,1.0,0.0,0.0,0.0,0.0
SLC25A46,1.0,0.0,0.0,0.0,0.0,0.0
SLC26A1,0.0,1.0,0.0,0.0,0.0,0.0
SLC26A3,0.0,0.0,0.0,0.0,0.0,1.0
SLC26A4,0.0,1.0,0.0,0.0,0.0,0.0
SLC26A7,0.0,0.0,0.0,1.0,0.0,0.0
SLC26A9,0.0,0.0,0.0,1.0,0.0,0.0
SLC27A6,0.0,1.0,0.0,0.0,0.0,0.0
SLC2A10,0.0,1.0,0.0,0.0,0.0,0.0
SLC2A12,0.0,1.0,1.0,0.0,0.0,0.0
SLC2A14,0.0,1.0,0.0,0.0,0.0,0.0
SLC2A2,0.0,0.0,0.0,1.0,0.0,0.0
SLC2A4,0.0,1.0,0.0,1.0,0.0,0.0
SLC30A5,0.0,1.0,0.0,0.0,0.0,0.0
SLC30A8,1.0,0.0,0.0,1.0,0.0,0.0
SLC35B1,0.0,1.0,0.0,0.0,0.0,0.0
SLC35C1,0.0,0.0,0.0,1.0,0.0,0.0
SLC35D3,0.0,0.0,0.0,1.0,0.0,0.0
SLC35F1,0.0,1.0,0.0,0.0,0.0,0.0
SLC35F3,0.0,1.0,0.0,0.0,0.0,0.0
SLC38A1,0.0,0.0,0.0,1.0,0.0,0.0
SLC38A10,0.0,1.0,0.0,0.0,0.0,0.0
SLC38A9,0.0,0.0,0.0,1.0,0.0,0.0
SLC39A10,0.0,0.0,0.0,1.0,0.0,0.0
SLC39A11,0.0,0.0,0.0,1.0,0.0,1.0
SLC39A13,0.0,1.0,0.0,0.0,0.0,0.0
SLC39A8,0.0,1.0,0.0,1.0,0.0,0.0
SLC43A2,0.0,0.0,0.0,1.0,0.0,0.0
SLC44A2,0.0,1.0,0.0,0.0,0.0,0.0
SLC44A3,0.0,1.0,0.0,0.0,0.0,0.0
SLC45A1,0.0,0.0,0.0,1.0,0.0,0.0
SLC47A1,0.0,1.0,0.0,0.0,0.0,0.0
SLC4A10,0.0,1.0,0.0,0.0,0.0,0.0
SLC4A3,0.0,1.0,0.0,0.0,0.0,0.0
SLC4A7,0.0,1.0,0.0,0.0,0.0,0.0
SLC5A1,0.0,0.0,0.0,1.0,0.0,0.0
SLC5A3,0.0,1.0,1.0,0.0,0.0,0.0
SLC6A2,0.0,1.0,0.0,0.0,0.0,0.0
SLC6A6,0.0,1.0,0.0,0.0,0.0,0.0
SLC7A1,0.0,1.0,0.0,0.0,0.0,0.0
SLC7A10,1.0,0.0,0.0,0.0,0.0,0.0
SLC7A5,1.0,0.0,0.0,1.0,0.0,0.0
SLC7A7,0.0,1.0,0.0,1.0,0.0,0.0
SLC8A1,0.0,1.0,0.0,0.0,0.0,0.0
SLC9A4,1.0,0.0,0.0,0.0,0.0,0.0
SLC9A8,0.0,0.0,0.0,0.0,0.0,1.0
SLC9A9,0.0,0.0,0.0,1.0,0.0,0.0
SLC9B1,0.0,1.0,0.0,1.0,0.0,0.0
SLCO1B1,0.0,1.0,0.0,0.0,0.0,0.0
SLCO4A1,0.0,0.0,0.0,1.0,0.0,0.0
SLF2,0.0,0.0,0.0,1.0,0.0,0.0
SLIT2,0.0,0.0,0.0,1.0,0.0,0.0
SLIT3,0.0,1.0,0.0,0.0,0.0,0.0
SLITRK3,0.0,0.0,0.0,1.0,0.0,0.0
SLMAP,0.0,1.0,0.0,0.0,0.0,0.0
SLN,0.0,1.0,1.0,0.0,0.0,0.0
SLU7,1.0,0.0,0.0,0.0,0.0,0.0
SLX4,0.0,0.0,0.0,1.0,0.0,0.0
SMAD2,0.0,1.0,0.0,0.0,0.0,0.0
SMAD3,1.0,1.0,1.0,1.0,0.0,1.0
SMAD4,1.0,1.0,0.0,0.0,0.0,0.0
SMAD6,0.0,1.0,0.0,0.0,0.0,0.0
SMAD7,1.0,1.0,1.0,0.0,0.0,0.0
SMAD9,0.0,1.0,0.0,0.0,0.0,0.0
SMARCA4,0.0,1.0,1.0,0.0,0.0,0.0
SMARCAD1,0.0,0.0,0.0,1.0,0.0,0.0
SMARCAL1,0.0,1.0,0.0,0.0,0.0,0.0
SMARCE1,1.0,0.0,0.0,0.0,0.0,0.0
SMC1B,0.0,0.0,0.0,0.0,0.0,1.0
SMG6,0.0,1.0,1.0,0.0,0.0,0.0
SMG7,0.0,0.0,0.0,0.0,0.0,1.0
SMIM11,0.0,1.0,1.0,0.0,0.0,0.0
SMIM29,0.0,1.0,0.0,0.0,0.0,0.0
SMNDC1,0.0,1.0,0.0,0.0,0.0,0.0
SMO,0.0,1.0,0.0,0.0,0.0,0.0
SMOC1,0.0,1.0,0.0,0.0,0.0,0.0
SMTNL2,0.0,0.0,0.0,0.0,0.0,1.0
SMUG1,0.0,1.0,1.0,0.0,0.0,0.0
SMYD2,0.0,1.0,0.0,0.0,0.0,0.0
SNAPC2,0.0,0.0,0.0,1.0,0.0,0.0
SNAPC4,0.0,0.0,0.0,0.0,0.0,1.0
SND1,0.0,1.0,0.0,0.0,0.0,0.0
SNF8,0.0,0.0,0.0,1.0,0.0,0.0
SNTA1,0.0,1.0,0.0,0.0,0.0,0.0
SNTB1,0.0,0.0,0.0,1.0,0.0,0.0
SNTG1,0.0,1.0,0.0,0.0,0.0,0.0
SNX16,0.0,1.0,0.0,0.0,0.0,0.0
SNX29,0.0,0.0,0.0,1.0,0.0,0.0
SNX31,0.0,1.0,0.0,0.0,0.0,0.0
SOCS1,0.0,0.0,0.0,1.0,0.0,0.0
SOCS2,0.0,0.0,0.0,1.0,0.0,0.0
SOCS3,1.0,0.0,0.0,0.0,0.0,0.0
SOD2,0.0,1.0,0.0,0.0,0.0,0.0
SORBS2,0.0,1.0,1.0,1.0,0.0,0.0
SORCS3,0.0,1.0,0.0,0.0,0.0,0.0
SORL1,0.0,1.0,0.0,0.0,0.0,0.0
SOS1,0.0,1.0,0.0,0.0,0.0,0.0
SOS2,0.0,1.0,0.0,0.0,0.0,0.0
SOX14,0.0,0.0,0.0,0.0,0.0,1.0
SOX17,0.0,1.0,0.0,0.0,0.0,0.0
SOX3,0.0,1.0,0.0,0.0,0.0,0.0
SOX4,1.0,0.0,0.0,0.0,0.0,1.0
SOX5,0.0,1.0,0.0,1.0,0.0,1.0
SOX6,0.0,1.0,1.0,0.0,0.0,0.0
SOX7,0.0,1.0,0.0,0.0,0.0,0.0
SOX9,0.0,1.0,0.0,0.0,0.0,0.0
SP110,0.0,1.0,0.0,0.0,1.0,0.0
SP140,0.0,1.0,0.0,0.0,1.0,1.0
SP140L,0.0,0.0,0.0,0.0,1.0,0.0
SP4,0.0,0.0,0.0,0.0,1.0,0.0
SP8,0.0,0.0,0.0,1.0,0.0,0.0
SP9,0.0,0.0,0.0,1.0,0.0,0.0
SPAG16,0.0,1.0,0.0,0.0,0.0,0.0
SPARC,0.0,1.0,1.0,0.0,0.0,0.0
SPATA13,0.0,0.0,0.0,1.0,0.0,0.0
SPATA31D1,0.0,1.0,0.0,0.0,0.0,0.0
SPATA31D3,0.0,0.0,0.0,0.0,0.0,1.0
SPATA31D4,0.0,0.0,0.0,0.0,0.0,1.0
SPATA32,1.0,0.0,0.0,0.0,0.0,0.0
SPATS2L,0.0,1.0,0.0,0.0,0.0,0.0
SPC24,0.0,1.0,1.0,0.0,0.0,0.0
SPDEF,0.0,0.0,0.0,0.0,1.0,0.0
SPDYE5,0.0,1.0,0.0,0.0,0.0,0.0
SPECC1L,0.0,1.0,1.0,0.0,0.0,0.0
SPECC1L-ADORA2A,0.0,1.0,1.0,0.0,0.0,0.0
SPEG,0.0,1.0,0.0,0.0,0.0,0.0
SPEN,0.0,1.0,0.0,0.0,0.0,0.0
SPG7,0.0,0.0,0.0,1.0,0.0,0.0
SPHKAP,0.0,0.0,0.0,1.0,0.0,0.0
SPI1,0.0,1.0,0.0,0.0,0.0,0.0
SPINK1,0.0,0.0,0.0,1.0,0.0,0.0
SPOCK2,0.0,0.0,0.0,1.0,0.0,0.0
SPON1,0.0,1.0,0.0,0.0,0.0,0.0
SPPL3,1.0,0.0,0.0,1.0,0.0,0.0
SPRED1,0.0,1.0,0.0,0.0,0.0,0.0
SPRED2,0.0,1.0,0.0,1.0,0.0,1.0
SPRY2,0.0,0.0,0.0,1.0,0.0,0.0
SPRY4,0.0,1.0,0.0,0.0,0.0,0.0
SPRYD3,0.0,1.0,0.0,1.0,0.0,0.0
SPSB1,1.0,0.0,0.0,0.0,0.0,0.0
SPTBN1,0.0,1.0,0.0,0.0,0.0,0.0
SPTBN5,0.0,1.0,0.0,0.0,0.0,0.0
SPTLC1,0.0,1.0,0.0,0.0,0.0,0.0
SQLE,0.0,1.0,0.0,0.0,0.0,0.0
SRBD1,0.0,1.0,0.0,0.0,0.0,0.0
SREBF1,0.0,1.0,0.0,1.0,0.0,0.0
SRFBP1,0.0,1.0,1.0,0.0,0.0,0.0
SRP54,0.0,0.0,0.0,1.0,0.0,0.0
SRPX,0.0,1.0,0.0,0.0,0.0,0.0
SRRM4,0.0,0.0,0.0,1.0,0.0,0.0
SRY,0.0,1.0,0.0,0.0,0.0,0.0
SSPN,0.0,1.0,0.0,1.0,0.0,0.0
SSR1,0.0,0.0,0.0,1.0,0.0,0.0
SSU72L6,0.0,1.0,1.0,0.0,0.0,0.0
SSUH2,0.0,1.0,0.0,0.0,0.0,0.0
ST3GAL4,0.0,1.0,0.0,0.0,0.0,0.0
ST6GAL1,0.0,0.0,0.0,1.0,0.0,0.0
ST7L,0.0,1.0,0.0,0.0,0.0,0.0
STAB2,0.0,1.0,0.0,0.0,0.0,0.0
STAG1,0.0,1.0,1.0,0.0,0.0,0.0
STAMBPL1,0.0,1.0,0.0,0.0,0.0,0.0
STARD10,0.0,0.0,0.0,1.0,0.0,0.0
STARD13,0.0,1.0,0.0,0.0,0.0,0.0
STARD6,1.0,0.0,0.0,0.0,0.0,0.0
STAT1,0.0,0.0,0.0,0.0,0.0,1.0
STAT3,0.0,0.0,0.0,1.0,0.0,1.0
STAT4,0.0,1.0,0.0,1.0,0.0,1.0
STAT5B,1.0,0.0,0.0,0.0,0.0,0.0
STAT6,1.0,1.0,1.0,0.0,0.0,0.0
STAU2,0.0,0.0,0.0,1.0,0.0,0.0
STEAP1,0.0,0.0,0.0,1.0,0.0,0.0
STEAP1B,1.0,1.0,0.0,0.0,0.0,0.0
STEAP2,0.0,0.0,0.0,1.0,0.0,0.0
STIM2,0.0,1.0,0.0,0.0,0.0,0.0
STING1,0.0,1.0,0.0,0.0,0.0,0.0
STK17B,0.0,0.0,0.0,1.0,0.0,0.0
STK31,0.0,0.0,0.0,1.0,0.0,0.0
STK32B,0.0,1.0,1.0,0.0,0.0,0.0
STK35,0.0,0.0,0.0,1.0,0.0,0.0
STKLD1,0.0,1.0,0.0,0.0,0.0,0.0
STN1,0.0,1.0,1.0,0.0,0.0,0.0
STOX1,0.0,1.0,0.0,0.0,0.0,0.0
STT3B,0.0,1.0,0.0,0.0,0.0,0.0
STX18,0.0,1.0,0.0,0.0,0.0,0.0
STX8,1.0,0.0,0.0,0.0,0.0,0.0
STXBP5,0.0,1.0,0.0,0.0,0.0,0.0
STXBP6,1.0,0.0,0.0,0.0,0.0,0.0
SUDS3,0.0,0.0,0.0,1.0,0.0,0.0
SUGCT,0.0,1.0,0.0,1.0,0.0,0.0
SUGP1,0.0,0.0,0.0,1.0,0.0,0.0
SULT1A2,0.0,0.0,0.0,1.0,0.0,0.0
SUMO4,0.0,0.0,0.0,1.0,0.0,0.0
SUN1,0.0,1.0,0.0,0.0,0.0,0.0
SUN2,0.0,1.0,0.0,0.0,0.0,0.0
SUOX,1.0,0.0,0.0,1.0,0.0,0.0
SUPT20H,0.0,0.0,0.0,0.0,0.0,1.0
SUPV3L1,0.0,0.0,0.0,1.0,0.0,0.0
SV2B,0.0,0.0,0.0,1.0,0.0,0.0
SVEP1,0.0,1.0,1.0,0.0,0.0,0.0
SWAP70,0.0,1.0,1.0,0.0,0.0,1.0
SYCE2,0.0,0.0,0.0,1.0,0.0,0.0
SYK,0.0,1.0,0.0,0.0,0.0,0.0
SYN2,0.0,0.0,0.0,1.0,0.0,0.0
SYN3,0.0,1.0,0.0,0.0,0.0,0.0
SYNE1,0.0,1.0,0.0,0.0,0.0,0.0
SYNE2,0.0,1.0,0.0,0.0,0.0,0.0
SYNGR1,0.0,0.0,0.0,0.0,0.0,1.0
SYNPO2L,0.0,1.0,0.0,0.0,0.0,0.0
SYT1,0.0,1.0,0.0,0.0,0.0,0.0
SYT10,0.0,0.0,0.0,1.0,0.0,0.0
SYT13,1.0,0.0,0.0,1.0,0.0,0.0
SYT14,0.0,1.0,0.0,0.0,0.0,0.0
SYTL5,0.0,1.0,0.0,0.0,0.0,0.0
TAB2,0.0,1.0,0.0,1.0,0.0,0.0
TACR1,1.0,0.0,0.0,0.0,0.0,0.0
TAF1,0.0,1.0,0.0,0.0,0.0,0.0
TAF10,0.0,1.0,0.0,0.0,0.0,0.0
TAF1A,0.0,1.0,0.0,0.0,0.0,0.0
TAF4B,0.0,1.0,0.0,0.0,0.0,0.0
TAFA5,0.0,1.0,0.0,0.0,0.0,0.0
TAFAZZIN,0.0,1.0,0.0,0.0,0.0,0.0
TAGAP,0.0,0.0,0.0,1.0,0.0,1.0
TAMM41,0.0,1.0,0.0,0.0,0.0,0.0
TANGO2,0.0,1.0,0.0,0.0,0.0,0.0
TAOK3,0.0,0.0,0.0,1.0,0.0,0.0
TAP2,0.0,0.0,0.0,1.0,0.0,1.0
TAS2R1,0.0,1.0,0.0,0.0,0.0,0.0
TBC1D19,0.0,1.0,0.0,0.0,0.0,0.0
TBC1D4,0.0,0.0,0.0,1.0,0.0,0.0
TBCD,0.0,1.0,0.0,0.0,0.0,0.0
TBCK,0.0,1.0,0.0,0.0,0.0,0.0
TBL1XR1,1.0,0.0,0.0,0.0,0.0,0.0
TBX1,0.0,1.0,0.0,0.0,0.0,0.0
TBX2,0.0,1.0,0.0,0.0,0.0,0.0
TBX20,0.0,1.0,1.0,0.0,0.0,0.0
TBX21,1.0,0.0,0.0,0.0,0.0,0.0
TBX3,0.0,1.0,0.0,0.0,0.0,0.0
TBX4,0.0,1.0,0.0,0.0,0.0,0.0
TBX5,0.0,1.0,0.0,0.0,0.0,0.0
TBXAS1,0.0,1.0,0.0,0.0,0.0,0.0
TC2N,0.0,1.0,0.0,0.0,0.0,0.0
TCAP,0.0,1.0,0.0,0.0,0.0,0.0
TCEA2,0.0,1.0,0.0,1.0,0.0,0.0
TCF12,0.0,0.0,0.0,1.0,0.0,0.0
TCF19,0.0,0.0,0.0,1.0,0.0,0.0
TCF21,0.0,1.0,1.0,0.0,0.0,0.0
TCF3,0.0,0.0,0.0,1.0,0.0,0.0
TCF4,0.0,0.0,0.0,1.0,0.0,0.0
TCF7,0.0,0.0,0.0,0.0,0.0,1.0
TCF7L2,0.0,1.0,1.0,1.0,0.0,0.0
TCHHL1,1.0,0.0,0.0,0.0,0.0,0.0
TCIRG1,0.0,1.0,0.0,0.0,0.0,0.0
TCTE1,0.0,0.0,0.0,0.0,0.0,1.0
TDRD15,0.0,1.0,1.0,1.0,0.0,0.0
TDRKH,0.0,1.0,1.0,0.0,0.0,0.0
TEC,0.0,0.0,0.0,0.0,0.0,1.0
TECRL,0.0,1.0,0.0,0.0,0.0,0.0
TEK,0.0,1.0,0.0,0.0,0.0,0.0
TENM2,0.0,0.0,0.0,1.0,0.0,0.0
TENM3,1.0,1.0,0.0,1.0,0.0,0.0
TENT5A,0.0,1.0,1.0,0.0,0.0,0.0
TENT5C,0.0,0.0,0.0,1.0,0.0,0.0
TERT,0.0,1.0,1.0,0.0,1.0,0.0
TESPA1,1.0,0.0,0.0,0.0,0.0,0.0
TET1,0.0,0.0,0.0,1.0,0.0,0.0
TET2,0.0,1.0,1.0,1.0,0.0,0.0
TET3,0.0,0.0,0.0,0.0,0.0,1.0
TEX29,0.0,0.0,0.0,1.0,0.0,0.0
TEX9,0.0,1.0,0.0,0.0,0.0,0.0
TFAP2B,0.0,1.0,0.0,1.0,0.0,0.0
TFCP2L1,0.0,1.0,0.0,0.0,0.0,0.0
TFRC,1.0,0.0,0.0,1.0,0.0,0.0
TGFB1,0.0,1.0,1.0,1.0,0.0,0.0
TGFB2,0.0,1.0,0.0,0.0,0.0,0.0
TGFB3,0.0,1.0,0.0,0.0,0.0,0.0
TGFBR1,1.0,1.0,0.0,0.0,0.0,0.0
TGFBR2,0.0,1.0,0.0,0.0,0.0,0.0
TH,0.0,0.0,0.0,1.0,0.0,0.0
THADA,0.0,1.0,0.0,1.0,0.0,1.0
THBS1,0.0,0.0,0.0,1.0,0.0,0.0
THBS2,0.0,1.0,0.0,0.0,0.0,0.0
THEMIS,1.0,0.0,0.0,0.0,1.0,0.0
THRB,0.0,1.0,0.0,0.0,0.0,0.0
THSD1,0.0,1.0,0.0,0.0,0.0,0.0
THSD4,0.0,1.0,0.0,0.0,0.0,0.0
THSD7A,0.0,1.0,1.0,0.0,0.0,0.0
TIGAR,0.0,0.0,0.0,1.0,0.0,0.0
TIMD4,0.0,1.0,0.0,0.0,0.0,0.0
TIMP3,0.0,1.0,0.0,0.0,0.0,0.0
TIMP4,0.0,0.0,0.0,1.0,0.0,0.0
TIPARP,1.0,0.0,0.0,0.0,0.0,0.0
TKFC,0.0,1.0,0.0,0.0,0.0,0.0
TLDC2,0.0,1.0,0.0,0.0,0.0,0.0
TLE1,0.0,0.0,0.0,1.0,0.0,1.0
TLE3,0.0,1.0,0.0,0.0,0.0,0.0
TLE4,0.0,0.0,0.0,1.0,0.0,0.0
TLL1,0.0,1.0,0.0,1.0,0.0,0.0
TLN1,0.0,1.0,0.0,0.0,0.0,0.0
TLR1,1.0,0.0,0.0,0.0,0.0,1.0
TLR10,1.0,0.0,0.0,0.0,0.0,0.0
TLR4,0.0,0.0,0.0,0.0,0.0,1.0
TLR6,1.0,0.0,0.0,0.0,0.0,0.0
TM4SF4,0.0,0.0,0.0,1.0,0.0,0.0
TM6SF2,0.0,0.0,0.0,1.0,0.0,0.0
TM9SF2,1.0,0.0,0.0,1.0,0.0,0.0
TMC1,0.0,0.0,0.0,1.0,0.0,0.0
TMCO5A,0.0,1.0,0.0,0.0,0.0,0.0
TMEFF2,0.0,1.0,0.0,0.0,0.0,0.0
TMEM106B,0.0,1.0,1.0,1.0,0.0,0.0
TMEM121,0.0,0.0,0.0,1.0,0.0,0.0
TMEM126A,0.0,1.0,0.0,0.0,0.0,0.0
TMEM131L,0.0,1.0,0.0,0.0,0.0,0.0
TMEM151B,0.0,0.0,0.0,0.0,0.0,1.0
TMEM154,0.0,0.0,0.0,1.0,0.0,0.0
TMEM161B,0.0,1.0,0.0,1.0,0.0,0.0
TMEM17,0.0,0.0,0.0,0.0,0.0,1.0
TMEM174,0.0,0.0,0.0,0.0,0.0,1.0
TMEM176A,0.0,0.0,0.0,1.0,0.0,0.0
TMEM176B,0.0,0.0,0.0,1.0,0.0,0.0
TMEM179,0.0,0.0,0.0,0.0,0.0,1.0
TMEM18,0.0,1.0,1.0,1.0,0.0,0.0
TMEM184C,0.0,1.0,0.0,0.0,0.0,0.0
TMEM200A,0.0,1.0,1.0,0.0,0.0,0.0
TMEM232,1.0,0.0,0.0,0.0,0.0,0.0
TMEM235,0.0,0.0,0.0,0.0,0.0,1.0
TMEM270,1.0,1.0,0.0,0.0,0.0,0.0
TMEM273,0.0,1.0,0.0,0.0,0.0,0.0
TMEM43,0.0,1.0,0.0,0.0,0.0,0.0
TMEM60,0.0,1.0,0.0,0.0,0.0,0.0
TMEM67,0.0,0.0,0.0,1.0,0.0,0.0
TMEM72,0.0,1.0,0.0,0.0,0.0,0.0
TMEM87B,0.0,0.0,0.0,1.0,0.0,0.0
TMEM91,0.0,1.0,1.0,0.0,0.0,0.0
TMOD1,0.0,1.0,0.0,0.0,0.0,0.0
TMPO,0.0,1.0,0.0,0.0,0.0,0.0
TMPRSS5,0.0,0.0,0.0,0.0,1.0,0.0
TNF,0.0,0.0,0.0,0.0,0.0,1.0
TNFAIP3,1.0,0.0,0.0,1.0,0.0,1.0
TNFAIP8,1.0,0.0,0.0,0.0,0.0,0.0
TNFRSF11A,1.0,0.0,0.0,0.0,0.0,0.0
TNFRSF11B,0.0,0.0,0.0,1.0,0.0,0.0
TNFRSF14,1.0,0.0,0.0,0.0,0.0,1.0
TNFRSF1A,0.0,1.0,0.0,0.0,0.0,1.0
TNFRSF8,1.0,0.0,0.0,0.0,0.0,0.0
TNFRSF9,0.0,0.0,0.0,0.0,0.0,1.0
TNFSF11,1.0,0.0,0.0,1.0,0.0,0.0
TNFSF15,1.0,0.0,0.0,1.0,0.0,1.0
TNFSF18,0.0,0.0,0.0,0.0,0.0,1.0
TNFSF4,1.0,0.0,0.0,0.0,0.0,1.0
TNIP1,0.0,0.0,0.0,1.0,0.0,1.0
TNNC1,0.0,1.0,0.0,0.0,0.0,0.0
TNNI3,0.0,1.0,0.0,0.0,0.0,0.0
TNNI3K,0.0,1.0,0.0,0.0,0.0,0.0
TNNT2,0.0,1.0,0.0,0.0,0.0,0.0
TNP1,0.0,1.0,0.0,0.0,0.0,0.0
TNPO3,0.0,0.0,0.0,0.0,0.0,1.0
TNRC18,0.0,0.0,0.0,1.0,0.0,1.0
TNRC6A,0.0,1.0,0.0,0.0,0.0,0.0
TNRC6B,0.0,0.0,0.0,1.0,0.0,0.0
TNS1,0.0,1.0,1.0,1.0,0.0,0.0
TNS2,0.0,1.0,0.0,0.0,0.0,0.0
TOM1,0.0,0.0,0.0,1.0,0.0,0.0
TOM1L2,0.0,1.0,0.0,0.0,0.0,0.0
TOMM40,0.0,1.0,1.0,0.0,0.0,0.0
TOX,0.0,0.0,0.0,1.0,0.0,0.0
TOX2,0.0,1.0,0.0,0.0,0.0,0.0
TP53,0.0,1.0,0.0,0.0,1.0,0.0
TP53INP1,0.0,1.0,0.0,1.0,0.0,0.0
TP63,0.0,0.0,0.0,0.0,1.0,0.0
TPCN2,0.0,0.0,0.0,1.0,0.0,0.0
TPD52,1.0,0.0,0.0,0.0,0.0,1.0
TPM1,0.0,1.0,0.0,0.0,0.0,0.0
TPO,0.0,0.0,0.0,1.0,0.0,0.0
TPPP,0.0,1.0,0.0,0.0,0.0,0.0
TRAF1,1.0,0.0,0.0,0.0,0.0,1.0
TRAF3,1.0,0.0,0.0,1.0,0.0,0.0
TRAF3IP2,0.0,0.0,0.0,1.0,0.0,1.0
TRANK1,0.0,0.0,0.0,1.0,0.0,0.0
TRAP1,1.0,0.0,0.0,0.0,0.0,0.0
TRAPPC9,0.0,1.0,0.0,0.0,0.0,0.0
TRDN,0.0,1.0,0.0,0.0,0.0,0.0
TREX1,0.0,1.0,0.0,0.0,0.0,0.0
TRHR,0.0,0.0,0.0,1.0,0.0,0.0
TRIB1,0.0,1.0,1.0,1.0,0.0,1.0
TRIB2,0.0,0.0,0.0,1.0,0.0,0.0
TRIM26,1.0,0.0,0.0,0.0,0.0,0.0
TRIM36,0.0,1.0,0.0,0.0,0.0,0.0
TRIM5,0.0,1.0,1.0,0.0,0.0,0.0
TRIM51G,0.0,1.0,0.0,0.0,0.0,0.0
TRIM63,0.0,1.0,0.0,0.0,0.0,0.0
TRIM64C,0.0,1.0,0.0,0.0,0.0,0.0
TRIM66,0.0,0.0,0.0,1.0,0.0,0.0
TRIQK,0.0,0.0,0.0,1.0,0.0,0.0
TRPA1,0.0,1.0,1.0,0.0,0.0,0.0
TRPC5,0.0,1.0,0.0,0.0,0.0,0.0
TRPC7,0.0,0.0,0.0,1.0,0.0,0.0
TRPM4,0.0,1.0,0.0,0.0,0.0,0.0
TRPM8,0.0,1.0,0.0,0.0,0.0,0.0
TRPS1,0.0,1.0,0.0,1.0,0.0,0.0
TRPV5,0.0,0.0,0.0,1.0,0.0,0.0
TSBP1,0.0,1.0,0.0,1.0,0.0,0.0
TSC1,0.0,1.0,0.0,0.0,0.0,0.0
TSC22D2,0.0,1.0,0.0,1.0,0.0,0.0
TSEN15,0.0,0.0,0.0,1.0,0.0,0.0
TSFM,0.0,1.0,0.0,0.0,0.0,0.0
TSHR,0.0,0.0,0.0,1.0,0.0,0.0
TSHZ2,0.0,0.0,0.0,1.0,0.0,0.0
TSHZ3,0.0,0.0,0.0,1.0,0.0,0.0
TSKU,0.0,0.0,0.0,1.0,0.0,0.0
TSLP,1.0,1.0,0.0,0.0,0.0,0.0
TSN,0.0,1.0,0.0,0.0,0.0,0.0
TSPAN12,0.0,1.0,0.0,0.0,0.0,0.0
TSPAN14,1.0,1.0,1.0,0.0,0.0,0.0
TSPAN15,0.0,1.0,0.0,0.0,0.0,0.0
TSPAN2,0.0,1.0,1.0,0.0,0.0,0.0
TSPAN32,0.0,0.0,0.0,0.0,1.0,0.0
TSPAN8,1.0,0.0,0.0,1.0,0.0,0.0
TSR2,0.0,1.0,0.0,0.0,0.0,0.0
TTC21B,0.0,1.0,0.0,0.0,0.0,0.0
TTC32,0.0,1.0,1.0,0.0,0.0,0.0
TTC33,0.0,0.0,0.0,0.0,0.0,1.0
TTLL5,0.0,1.0,0.0,0.0,0.0,0.0
TTLL7,0.0,0.0,0.0,1.0,0.0,0.0
TTN,0.0,1.0,0.0,1.0,0.0,0.0
TTN-AS1,0.0,1.0,0.0,0.0,0.0,0.0
TTR,0.0,1.0,0.0,0.0,0.0,0.0
TUBA1A,0.0,1.0,0.0,0.0,0.0,0.0
TUBA3C,0.0,1.0,1.0,0.0,0.0,0.0
TUBA8,0.0,1.0,0.0,0.0,0.0,0.0
TWIST1,0.0,1.0,1.0,0.0,0.0,0.0
TWNK,0.0,1.0,0.0,0.0,0.0,0.0
TXNDC11,0.0,0.0,0.0,0.0,0.0,1.0
TXNDC8,0.0,1.0,0.0,0.0,0.0,0.0
TXNRD2,0.0,1.0,0.0,0.0,0.0,0.0
TYK2,0.0,0.0,0.0,1.0,0.0,1.0
TYR,0.0,0.0,0.0,1.0,0.0,0.0
TYRP1,1.0,0.0,0.0,0.0,0.0,0.0
UBAC2,1.0,0.0,0.0,1.0,0.0,0.0
UBAP2,0.0,0.0,0.0,1.0,0.0,0.0
UBASH3A,1.0,0.0,0.0,1.0,0.0,1.0
UBASH3B,0.0,1.0,0.0,0.0,0.0,0.0
UBE2E2,1.0,0.0,0.0,1.0,0.0,0.0
UBE2E3,0.0,0.0,0.0,1.0,0.0,1.0
UBE2G1,0.0,0.0,0.0,1.0,0.0,0.0
UBE2L3,0.0,0.0,0.0,0.0,0.0,1.0
UBE2L5,0.0,0.0,0.0,1.0,0.0,0.0
UBE2O,0.0,0.0,0.0,1.0,0.0,0.0
UBE2Z,0.0,0.0,0.0,1.0,0.0,0.0
UBE3B,0.0,1.0,1.0,0.0,0.0,0.0
UBE3C,0.0,0.0,0.0,1.0,0.0,0.0
UBLCP1,0.0,0.0,0.0,0.0,0.0,1.0
UBN1,0.0,1.0,0.0,0.0,0.0,0.0
UBXN2B,0.0,1.0,0.0,0.0,0.0,0.0
UFL1,0.0,1.0,0.0,0.0,0.0,0.0
UGDH,0.0,1.0,0.0,0.0,0.0,0.0
UGT1A6,0.0,0.0,0.0,1.0,0.0,0.0
UGT1A7,0.0,0.0,0.0,1.0,0.0,0.0
UGT2B7,0.0,1.0,0.0,0.0,0.0,0.0
UGT3A1,1.0,0.0,0.0,0.0,0.0,0.0
UGT3A2,0.0,0.0,0.0,1.0,0.0,0.0
UHRF2,1.0,0.0,0.0,0.0,0.0,0.0
ULK4,0.0,1.0,0.0,0.0,1.0,0.0
UMOD,0.0,1.0,0.0,0.0,0.0,0.0
UMPS,0.0,1.0,1.0,0.0,0.0,0.0
UNC13D,0.0,1.0,0.0,0.0,0.0,0.0
UNC45B,0.0,1.0,0.0,0.0,0.0,0.0
UNC5C,0.0,0.0,0.0,1.0,0.0,0.0
UNC79,0.0,1.0,0.0,0.0,0.0,0.0
UQCC1,0.0,1.0,0.0,0.0,0.0,0.0
UQCC2,0.0,0.0,0.0,0.0,0.0,1.0
UQCRC1,0.0,1.0,0.0,0.0,0.0,0.0
UQCRFS1,0.0,1.0,0.0,0.0,0.0,0.0
USP28,0.0,1.0,0.0,0.0,0.0,0.0
USP3,0.0,1.0,0.0,0.0,0.0,0.0
USP34,0.0,1.0,0.0,0.0,0.0,0.0
USP36,0.0,1.0,0.0,0.0,0.0,0.0
USP38,1.0,1.0,0.0,0.0,0.0,0.0
USP44,0.0,0.0,0.0,1.0,0.0,0.0
USP48,0.0,0.0,0.0,1.0,0.0,0.0
USP49,0.0,0.0,0.0,1.0,0.0,0.0
USP8,0.0,1.0,0.0,0.0,0.0,0.0
UST,0.0,1.0,0.0,0.0,0.0,0.0
VAMP8,0.0,1.0,1.0,0.0,0.0,0.0
VAV3,0.0,0.0,0.0,1.0,0.0,0.0
VCF1,0.0,1.0,0.0,0.0,0.0,0.0
VCL,0.0,1.0,0.0,0.0,0.0,0.0
VDR,0.0,1.0,0.0,0.0,0.0,0.0
VEGFA,0.0,1.0,1.0,1.0,0.0,0.0
VEGFC,0.0,1.0,0.0,0.0,0.0,0.0
VEZF1,0.0,1.0,0.0,0.0,0.0,0.0
VGLL2,0.0,1.0,0.0,0.0,0.0,0.0
VGLL3,0.0,0.0,0.0,1.0,0.0,0.0
VHL,0.0,1.0,0.0,0.0,0.0,0.0
VIM,0.0,1.0,0.0,0.0,0.0,0.0
VKORC1,0.0,1.0,0.0,0.0,0.0,0.0
VLDLR,0.0,1.0,0.0,1.0,0.0,0.0
VPS13C,0.0,0.0,0.0,1.0,0.0,0.0
VPS50,0.0,1.0,0.0,0.0,0.0,0.0
VPS53,0.0,0.0,0.0,1.0,0.0,0.0
VPS8,0.0,1.0,0.0,0.0,0.0,0.0
VTI1A,0.0,1.0,0.0,0.0,0.0,0.0
VWA5B1,0.0,0.0,0.0,1.0,0.0,0.0
VWDE,0.0,0.0,1.0,1.0,0.0,0.0
VWF,0.0,1.0,0.0,0.0,0.0,0.0
WBP1L,0.0,0.0,0.0,1.0,0.0,0.0
WDFY4,0.0,0.0,0.0,0.0,0.0,1.0
WDR1,0.0,1.0,0.0,0.0,0.0,0.0
WDR11,0.0,0.0,0.0,1.0,0.0,0.0
WDR12,0.0,1.0,1.0,0.0,0.0,0.0
WDR36,1.0,0.0,0.0,0.0,0.0,0.0
WDR7,0.0,0.0,0.0,1.0,0.0,0.0
WDSUB1,0.0,1.0,0.0,0.0,0.0,0.0
WFS1,0.0,0.0,0.0,1.0,0.0,0.0
WIPF1,0.0,1.0,0.0,0.0,0.0,0.0
WIPI1,0.0,1.0,1.0,0.0,0.0,0.0
WNT2B,0.0,1.0,0.0,0.0,0.0,0.0
WNT3A,0.0,1.0,0.0,0.0,0.0,0.0
WNT6,0.0,1.0,0.0,0.0,0.0,0.0
WNT7B,0.0,0.0,0.0,1.0,0.0,0.0
WNT8A,0.0,1.0,0.0,1.0,0.0,0.0
WNT9A,0.0,1.0,0.0,0.0,0.0,0.0
WNT9B,0.0,1.0,0.0,0.0,0.0,0.0
WRN,0.0,1.0,0.0,1.0,0.0,0.0
WSB1,0.0,1.0,0.0,0.0,0.0,0.0
WSCD2,0.0,0.0,0.0,1.0,0.0,0.0
WT1,0.0,1.0,1.0,1.0,0.0,0.0
WWP2,1.0,1.0,0.0,0.0,0.0,0.0
XKR5,0.0,1.0,0.0,0.0,0.0,0.0
XKR6,0.0,0.0,0.0,1.0,0.0,0.0
XKR9,0.0,1.0,0.0,0.0,0.0,0.0
XPNPEP2,0.0,1.0,0.0,0.0,0.0,0.0
XPO1,0.0,0.0,0.0,0.0,1.0,0.0
XPO7,0.0,1.0,0.0,0.0,0.0,0.0
XRRA1,0.0,0.0,0.0,1.0,0.0,0.0
XXYLT1,0.0,1.0,0.0,0.0,0.0,0.0
XYLT1,0.0,1.0,0.0,0.0,0.0,0.0
XYLT2,0.0,1.0,0.0,0.0,0.0,0.0
YAP1,0.0,1.0,0.0,0.0,0.0,0.0
YBX3,0.0,1.0,1.0,0.0,0.0,0.0
YDJC,0.0,0.0,0.0,0.0,0.0,1.0
YES1,0.0,1.0,0.0,0.0,0.0,0.0
YKT6,0.0,0.0,0.0,1.0,0.0,0.0
YPEL2,0.0,0.0,0.0,1.0,0.0,0.0
YTHDF2,0.0,0.0,0.0,1.0,0.0,0.0
YTHDF3,0.0,1.0,0.0,0.0,0.0,0.0
YWHAE,0.0,1.0,0.0,0.0,0.0,0.0
ZBED3,0.0,0.0,0.0,1.0,0.0,0.0
ZBTB10,1.0,1.0,0.0,0.0,0.0,0.0
ZBTB17,0.0,1.0,0.0,0.0,0.0,0.0
ZBTB20,0.0,1.0,0.0,1.0,0.0,0.0
ZBTB34,0.0,1.0,0.0,0.0,0.0,0.0
ZBTB38,1.0,0.0,0.0,1.0,0.0,0.0
ZBTB40,0.0,0.0,0.0,0.0,0.0,1.0
ZBTB46,0.0,1.0,0.0,1.0,0.0,0.0
ZBTB7A,0.0,0.0,0.0,0.0,1.0,0.0
ZBTB7C,1.0,0.0,0.0,0.0,0.0,0.0
ZBTB9,0.0,0.0,0.0,1.0,0.0,0.0
ZC3H11B,0.0,1.0,0.0,1.0,0.0,0.0
ZC3H12C,0.0,0.0,0.0,1.0,0.0,1.0
ZC3H12D,1.0,0.0,0.0,0.0,0.0,0.0
ZC3H13,0.0,0.0,0.0,1.0,0.0,0.0
ZC3H4,0.0,0.0,0.0,1.0,0.0,0.0
ZC3HC1,0.0,1.0,1.0,0.0,0.0,0.0
ZCCHC14,0.0,1.0,0.0,0.0,0.0,0.0
ZDHHC12,1.0,0.0,0.0,0.0,0.0,0.0
ZDHHC18,0.0,1.0,0.0,0.0,0.0,0.0
ZEB2,0.0,1.0,1.0,1.0,0.0,1.0
ZFAND2A,0.0,1.0,0.0,0.0,0.0,0.0
ZFAND3,0.0,0.0,0.0,1.0,0.0,0.0
ZFAND5,0.0,1.0,0.0,0.0,0.0,0.0
ZFAND6,0.0,0.0,0.0,1.0,0.0,0.0
ZFAT,0.0,1.0,0.0,1.0,0.0,0.0
ZFHX3,0.0,1.0,1.0,1.0,0.0,0.0
ZFHX4,0.0,1.0,0.0,0.0,0.0,0.0
ZFP36L1,1.0,1.0,0.0,1.0,0.0,1.0
ZFP36L2,0.0,1.0,0.0,1.0,0.0,0.0
ZFP57,0.0,0.0,0.0,1.0,0.0,0.0
ZFP91,0.0,1.0,0.0,0.0,0.0,1.0
ZFP91-CNTF,0.0,1.0,0.0,0.0,0.0,0.0
ZFPM1,0.0,0.0,0.0,1.0,0.0,0.0
ZFPM2,0.0,1.0,1.0,1.0,0.0,0.0
ZFYVE16,0.0,1.0,0.0,0.0,0.0,0.0
ZGPAT,0.0,0.0,0.0,1.0,0.0,0.0
ZHX3,0.0,1.0,1.0,1.0,0.0,0.0
ZIC3,0.0,1.0,0.0,0.0,0.0,0.0
ZKSCAN8,0.0,0.0,0.0,1.0,0.0,0.0
ZKSCAN8P1,0.0,0.0,0.0,1.0,0.0,0.0
ZMIZ1,0.0,0.0,0.0,1.0,0.0,0.0
ZMYND8,0.0,1.0,0.0,0.0,0.0,0.0
ZNF10,0.0,0.0,0.0,1.0,0.0,0.0
ZNF100,0.0,0.0,0.0,1.0,0.0,0.0
ZNF138,0.0,1.0,0.0,0.0,0.0,0.0
ZNF169,0.0,0.0,0.0,1.0,0.0,0.0
ZNF217,1.0,0.0,0.0,0.0,0.0,0.0
ZNF236,0.0,0.0,0.0,1.0,0.0,0.0
ZNF239,0.0,0.0,0.0,1.0,0.0,0.0
ZNF268,0.0,1.0,0.0,0.0,0.0,0.0
ZNF292,0.0,1.0,0.0,0.0,0.0,0.0
ZNF318,0.0,1.0,0.0,0.0,0.0,0.0
ZNF32,0.0,1.0,1.0,0.0,0.0,0.0
ZNF335,0.0,1.0,1.0,0.0,0.0,0.0
ZNF34,0.0,0.0,0.0,1.0,0.0,0.0
ZNF365,1.0,1.0,0.0,0.0,0.0,0.0
ZNF366,1.0,0.0,0.0,0.0,0.0,1.0
ZNF385B,0.0,1.0,0.0,0.0,0.0,0.0
ZNF404,0.0,1.0,0.0,0.0,0.0,0.0
ZNF408,0.0,1.0,0.0,0.0,0.0,0.0
ZNF423,0.0,1.0,0.0,0.0,0.0,0.0
ZNF429,0.0,0.0,0.0,1.0,0.0,0.0
ZNF438,0.0,0.0,0.0,0.0,0.0,1.0
ZNF443,0.0,1.0,0.0,0.0,0.0,0.0
ZNF462,0.0,1.0,0.0,0.0,0.0,0.0
ZNF474,0.0,1.0,0.0,0.0,0.0,0.0
ZNF493,0.0,1.0,0.0,0.0,0.0,0.0
ZNF507,0.0,1.0,1.0,0.0,0.0,0.0
ZNF512,0.0,0.0,0.0,1.0,0.0,0.0
ZNF519,0.0,1.0,0.0,0.0,0.0,0.0
ZNF572,0.0,1.0,0.0,0.0,0.0,0.0
ZNF592,0.0,1.0,0.0,0.0,0.0,0.0
ZNF648,0.0,1.0,0.0,0.0,0.0,0.0
ZNF652,1.0,1.0,1.0,0.0,0.0,0.0
ZNF664,0.0,1.0,0.0,0.0,0.0,0.0
ZNF679,0.0,0.0,0.0,0.0,0.0,1.0
ZNF703,0.0,0.0,0.0,1.0,0.0,0.0
ZNF746,0.0,1.0,0.0,0.0,0.0,0.0
ZNF76,1.0,0.0,0.0,0.0,0.0,0.0
ZNF761,0.0,0.0,0.0,1.0,0.0,0.0
ZNF799,0.0,0.0,0.0,1.0,0.0,0.0
ZNF800,0.0,0.0,0.0,1.0,0.0,0.0
ZNF808,0.0,0.0,0.0,1.0,0.0,0.0
ZNF827,0.0,1.0,1.0,0.0,0.0,0.0
ZNF831,0.0,1.0,1.0,0.0,0.0,1.0
ZNHIT3,0.0,1.0,0.0,0.0,0.0,0.0
ZNRF3,0.0,1.0,0.0,1.0,1.0,0.0
ZPBP2,1.0,1.0,0.0,0.0,0.0,1.0
ZPLD1,1.0,0.0,0.0,0.0,0.0,0.0
ZPR1,0.0,1.0,1.0,1.0,0.0,0.0
ZRSR2,0.0,1.0,0.0,0.0,0.0,0.0
ZSCAN16,0.0,0.0,0.0,1.0,0.0,0.0
ZSCAN23,0.0,0.0,0.0,0.0,0.0,1.0
ZSCAN31,0.0,0.0,0.0,0.0,0.0,1.0
ZSWIM6,0.0,1.0,0.0,0.0,0.0,0.0
ZSWIM8,0.0,1.0,0.0,0.0,0.0,0.0
ZZEF1,0.0,0.0,0.0,1.0,0.0,0.0
